DateComtd,DayComtd,TimeComtd,EntryNo,PPO,Unit/Station,Area of Incident,Barangay,Bldg/House No/Street/Sitio,X,Y,CrimeType,IndexCrimeType,CrimeCategory,Classification,Mode of Commission,StreetCrime,InvolMinor?,SpecialCase,WeaponUsed,FACaliber,FAStatus,FALicenseNr,C-R-S Firearms,FADisposition,Transport,MotorcycleRidingCriminals,Driver(Suspect),VehOwner,VehType,VehPlateNum,Drugs,DrugConfsctdItem,Gmblng,GmblngConfsctdItem,GmblngAmntCnfsctd,CrnppngRecUnrec,RobType,BankRobAmt,EstblshmntType,EstblshmntName,CaseStat,Solved,Cleared,Uncleared/Unsolved,Arrest,NrArrstdSspct,Place of Occurrence*,Column1,Column2
2021-10-01,Friday,2:45:00,202110-1438,NEGROS_ORIENTAL,DUMAGUETE_CITY,,Bajumpandan,"Longa Village , Purok Katubhan",123.278656,9.285987,NON-INDEX CRIME,,OTHERNONINDEX,Trespassing,Went inside without permission,,No,,,,,,,,,,,,,,,,,,,,,,,,Victim refused to file a case,Yes,Yes,No,Yes,1,(Inside Residences) - Public Residential Area,,
2021-10-01,Friday,14:18:00,202110-1441,NEGROS_ORIENTAL,DUMAGUETE_CITY,,Poblacion No. 1 (Barangay 1),Purok Ubos,123.310005,9.30332,NON-INDEX CRIME,,SPECIALLAWS,PD 1602 / RA 9287  (GAMBLING),ILL GAMBLING (Bettor),,No,,,,,,,,,,,,,,,,Tong-its,"

	Confiscated pieces of evidence were:
		a.) 1 Set playing cards consisting 52 pieces, green/red color combination with cover; and
		b.) Bet money amounting to One Hundred Fourteen (Php 114.00).
		
",Php 114.00,,,,,,Filed in Pros / Court,No,Yes,No,Yes,3,(Inside Residences) - Public Residential Area,,
2021-10-01,Friday,18:05:00,202110-1443,NEGROS_ORIENTAL,DUMAGUETE_CITY,,Bajumpandan,"Brgy. Outpost, Diversion Road",123.276352,9.280624,NON-INDEX CRIME,,OTHERNONINDEX,Assault/Resistance to Authority,managed to escape and fled away riding so fast,,No,,,,,,,,,,,,,,,,,,,,,,,,Filed in Pros / Court,No,Yes,No,Yes,1,(Inside Residences) - Public Residential Area,,
2021-10-02,Saturday,8:30:00,202110-1444,NEGROS_ORIENTAL,DUMAGUETE_CITY,,Looc,Zone 2,123.308647,9.314592,NON-INDEX CRIME,,SPECIALLAWS,PD 1602 / RA 9287  (GAMBLING),ILL GAMBLING (Bettor),,No,,,,,,,,,,,,,,,,Tong-its,"

Confiscated pieces of evidence were:
a.) 1 Set playing cards consisting 52 pieces, green/red color combination with cover; and
b.) Bet money amounting to Three Hundred Ten (Php 310.00).
		
",Php 310.00,,,,,,Filed in Pros / Court,No,Yes,No,Yes,3,(Inside Residences) - Public Residential Area,,
2021-10-02,Saturday,8:40:00,202110-1445,NEGROS_ORIENTAL,DUMAGUETE_CITY,,Looc,Zone 2,123.30899,9.314797,NON-INDEX CRIME,,SPECIALLAWS,PD 1602 / RA 9287  (GAMBLING),ILL GAMBLING (Bettor),,No,,,,,,,,,,,,,,,,Tong-its,"

	Confiscated pieces of evidence were:
		a.) 1 Set playing cards consisting 52 pieces, white/red color combination with cover; and
		b.) Bet money amounting to One Hundred Ninety (Php 190.00).
		
",Php 190.00,,,,,,Filed in Pros / Court,No,Yes,No,Yes,3,(Inside Residences) - Public Residential Area,,
2021-10-02,Saturday,14:00:00,202110-1446,NEGROS_ORIENTAL,DUMAGUETE_CITY,,Calindagan,Sitio Canday-ong,123.309502,9.300924,NON-INDEX CRIME,,SPECIALLAWS,RA 9165 (ILL DRUGS),Viol. of RA 9165 (Sec. 11),,No,,,,,,,,,,,,,,Shabu,"Confiscated during the operation was eleven (15) pieces transparent plastic sachets containing white crystalline substance suspected to be shabu weighing MOL 150 grams worth Php 1,020,000.00 pesos. A case for violation of Sec. 5 Article II of RA  9165 are being readied for filling in court against the suspect.",,,,,,,,,Filed in Pros / Court,Yes,Yes,No,Yes,1,(Inside Residences) - Public Residential Area,,
2021-10-03,Sunday,3:00:00,202110-1448,NEGROS_ORIENTAL,DUMAGUETE_CITY,,Cadawinonan,Purok Star Apple,123.263222,9.305834,NON-INDEX CRIME,,OTHERNONINDEX,Assault/Resistance to Authority,was about to escape ,,No,,,,,,,,,,,,,,,,,,,,,,,,Filed in Pros / Court,No,Yes,No,Yes,1,(Inside Residences) - Public Residential Area,,
2021-10-03,Sunday,3:00:00,202110-1448,NEGROS_ORIENTAL,DUMAGUETE_CITY,,Cadawinonan,Purok Star Apple,123.263222,9.305834,NON-INDEX CRIME,,SPECIALLAWS,RA 9165 (ILL DRUGS),Viol. of RA 9165 (Sec. 11),,No,,,,,,,,,,,,,,Shabu,"

1. One (1) pc. elongated size heat-sealed transparent plastic sachet containing crystalline substance known to be as shabumarked as P1-JDH-10/03/2021 with signature with estimated weight of 0.1 grams with SDV of Php. 680.00.


",,,,,,,,,Filed in Pros / Court,No,Yes,No,Yes,1,(Inside Residences) - Public Residential Area,,
2021-10-03,Sunday,20:04:00,202110-1452,NEGROS_ORIENTAL,DUMAGUETE_CITY,,Talay,Purok Mangga,123.261513,9.291689,NON-INDEX CRIME,,OTHERNONINDEX,Assault/Resistance to Authority, tried to run,,No,,,,,,,,,,,,,,,,,,,,,,,,Victim refused to file a case,Yes,Yes,No,Yes,1,Unihabited Place,,
2021-10-04,Monday,12:30:00,202110-1454,NEGROS_ORIENTAL,DUMAGUETE_CITY,,Poblacion No. 3 (Barangay 3),"Fronting Public Market, Real St.",123.305779,9.305297,NON-INDEX CRIME,,OTHERNONINDEX,Unjust Vexation,Suspect/respondent however got angry,,No,,,,,,,,,,,,,,,,,,,,,,,,Victim refused to file a case,Yes,Yes,No,Yes,1,(Inside Residences) - Public Residential Area,,
2021-10-05,Tuesday,15:15:00,202110-1459,NEGROS_ORIENTAL,DUMAGUETE_CITY,,Looc,Zone 2,123.308723,9.314776,NON-INDEX CRIME,,SPECIALLAWS,PD 1602 / RA 9287  (GAMBLING),ILL GAMBLING (Bettor),,No,,,,,,,,,,,,,,,,Tong-its,"
1.	Bet Money amounting to two hundred forty three pesos (Php 243.00);
2.	One (1) set of playing cards;

",Php 243.00,,,,,,Filed in Pros / Court,No,Yes,No,Yes,3,(Inside Residences) - Public Residential Area,,
2021-10-04,Monday,21:00:00,Traf(137)103,NEGROS_ORIENTAL,DUMAGUETE_CITY,,Candau-ay,Purok Likod,123.261604,9.314124,NON-INDEX CRIME,,OTHERNONINDEX,Malicious Mischief,Malicious Mischief (Vehicular Accident),,No,,,,,,,,,,,,,,,,,,,,,,,,Victim refused to file a case,Yes,Yes,No,No,0,Along the Roads/Streets/Alleys,,
2021-10-09,Saturday,1:54:00,202110-1470,NEGROS_ORIENTAL,DUMAGUETE_CITY,,Looc,Zone 2,123.308205,9.315485,NON-INDEX CRIME,,SPECIALLAWS,PD 1602 / RA 9287  (GAMBLING),ILL GAMBLING (Bettor),,No,,,,,,,,,,,,,,,,Tong-its,"
Confiscated pieces of evidence were:
a.) 1 Set playing cards consisting 52 pieces, red/white color combination with cover; and
b.) Bet money amounting to One Hundred Eighty Six (Php 186.00).
		
",Php 186.00,,,,,,Filed in Pros / Court,No,Yes,No,Yes,3,(Inside Residences) - Public Residential Area,,
2021-10-09,Saturday,15:05:00,202110-1473,NEGROS_ORIENTAL,DUMAGUETE_CITY,,Looc,Zone 2,123.311089,9.314564,NON-INDEX CRIME,,SPECIALLAWS,PD 1602 / RA 9287  (GAMBLING),ILL GAMBLING (Bettor),,No,,,,,,,,,,,,,,,,Tong-its,"

Confiscated pieces of evidence were:
a.) 1 Set playing cards consisting 52 pieces, red/white color combination with cover; and
b.) Bet money amounting to Three Hundred Seventy Pesos (Php 370.00).
		
",Php 370.00,,,,,,Filed in Pros / Court,No,Yes,No,Yes,3,(Inside Residences) - Public Residential Area,,
2021-10-09,Saturday,15:20:00,202110-1474,NEGROS_ORIENTAL,DUMAGUETE_CITY,,Looc,Zone 2,123.311005,9.314455,NON-INDEX CRIME,,SPECIALLAWS,PD 1602 / RA 9287  (GAMBLING),ILL GAMBLING (Bettor),,No,,,,,,,,,,,,,,,,Tong-its,"
Confiscated pieces of evidence were:
a.) 1 Set playing cards consisting 52 pieces, red/white color combination with cover; and
b.) Bet money amounting to One hundred Sixty Pesos (Php 160.00).
		
",Php 160.00,,,,,,Filed in Pros / Court,No,Yes,No,Yes,3,(Inside Residences) - Public Residential Area,,
2021-10-09,Saturday,21:12:00,202110-1483,NEGROS_ORIENTAL,DUMAGUETE_CITY,,Looc,"Zone 4, Oracion Drive",123.311745,9.314854,NON-INDEX CRIME,,SPECIALLAWS,RA 9165 (ILL DRUGS),Viol. of RA 9165 (Sec. 5),,No,,,,,,,,,,,,,,Shabu,"

One (1) piece small heat sealed containing suspected shabu granules/powder marked as MZE-BB-Oct. 09, 2021-9:12 pm Zone 4 oracion, Looc Dumaguete City with signature;
One (1) piece medium heat sealed containing suspected shabu granules/powder marked as MZE-P1- Oct. 09, 2021-9:17 pm Zone 4 oracion, Looc Dumaguete City with signature;
One (1) piece small heat sealed containing suspected shabu granules/powder marked as MZE-P2- Oct. 09, 2021-9:17 pm Zone 4 oracion, Looc Dumaguete City with signature;
One (1) piece small plastic container color yellow marked as MZE-P3- Oct. 09, 2021-9:14 pm Zone 4 oracion, Looc Dumaguete City with signature;
One (1) piece Five hundred peso bill buy bust money with serial no. CM513937
Remarks: Total estimated weight of all confiscated suspected shabu items is more or less 5 Grams with corresponding SDP value amounting to Php 34,000,000 which will be submitted to PNP ProvincialCrime Laboratory for forensic examination. ",,,,,,,,,Filed in Pros / Court,Yes,Yes,No,Yes,1,(Inside Residences) - Public Residential Area,,
2021-10-09,Saturday,21:12:00,202110-1483,NEGROS_ORIENTAL,DUMAGUETE_CITY,,Looc,"Zone 4, Oracion Drive",123.311745,9.314854,NON-INDEX CRIME,,SPECIALLAWS,RA 9165 (ILL DRUGS),Viol. of RA 9165 (Sec. 11),,No,,,,,,,,,,,,,,Shabu,"

One (1) piece small heat sealed containing suspected shabu granules/powder marked as MZE-BB-Oct. 09, 2021-9:12 pm Zone 4 oracion, Looc Dumaguete City with signature;
One (1) piece medium heat sealed containing suspected shabu granules/powder marked as MZE-P1- Oct. 09, 2021-9:17 pm Zone 4 oracion, Looc Dumaguete City with signature;
One (1) piece small heat sealed containing suspected shabu granules/powder marked as MZE-P2- Oct. 09, 2021-9:17 pm Zone 4 oracion, Looc Dumaguete City with signature;
One (1) piece small plastic container color yellow marked as MZE-P3- Oct. 09, 2021-9:14 pm Zone 4 oracion, Looc Dumaguete City with signature;
One (1) piece Five hundred peso bill buy bust money with serial no. CM513937
Remarks: Total estimated weight of all confiscated suspected shabu items is more or less 5 Grams with corresponding SDP value amounting to Php 34,000,000 which will be submitted to PNP ProvincialCrime Laboratory for forensic examination. ",,,,,,,,,Filed in Pros / Court,Yes,Yes,No,Yes,1,(Inside Residences) - Public Residential Area,,
2021-10-09,Saturday,22:58:00,202110-1485,NEGROS_ORIENTAL,DUMAGUETE_CITY,,Looc,Zone 4,123.311836,9.314661,NON-INDEX CRIME,,SPECIALLAWS,RA 9165 (ILL DRUGS),Viol. of RA 9165 (Sec. 5),,No,,,,,,,,,,,,,,Shabu,"Confiscated pieces of evidence: a.) One (1) pc elongated heat-sealed transparent plastic sachet containing white crystalline substance believed to be Shabu (subject of sale); b.)  One (1) pc elongated heat-sealed transparent plastic sachet containing white crystalline substance believed to be shabu; with a total estimated weight of 0.25 grams with  SDV of Php 1,700.00; and c.) One (1) pc genuine Five hundred Peso bill (Php 500.00) as buy bust money. ",,,,,,,,,Filed in Pros / Court,Yes,Yes,No,Yes,1,(Inside Residences) - Public Residential Area,,
2021-10-09,Saturday,22:58:00,202110-1485,NEGROS_ORIENTAL,DUMAGUETE_CITY,,Looc,Zone 4,123.311836,9.314661,NON-INDEX CRIME,,SPECIALLAWS,RA 9165 (ILL DRUGS),Viol. of RA 9165 (Sec. 11),,No,,,,,,,,,,,,,,Shabu,"Confiscated pieces of evidence: a.) One (1) pc elongated heat-sealed transparent plastic sachet containing white crystalline substance believed to be Shabu (subject of sale); b.)  One (1) pc elongated heat-sealed transparent plastic sachet containing white crystalline substance believed to be shabu; with a total estimated weight of 0.25 grams with  SDV of Php 1,700.00; and c.) One (1) pc genuine Five hundred Peso bill (Php 500.00) as buy bust money. ",,,,,,,,,Filed in Pros / Court,Yes,Yes,No,Yes,1,(Inside Residences) - Public Residential Area,,
2021-10-13,Wednesday,17:44:00,202110-1493,NEGROS_ORIENTAL,DUMAGUETE_CITY,,Pulantubig,Beside Jetti Gas Station,123.297363,9.32589,INDEX CRIME,Crime Against Property,THEFT,Salisi,Salisi (Akyat Bahay),,No,,,,,,,,,,,,,,,,,,,,,,,,Victim refused to file a case,Yes,Yes,No,Yes,1,(Inside Residences - Subdivision) - w/o Security Guard,,
2021-10-13,Wednesday,13:40:00,202110-1497,NEGROS_ORIENTAL,DUMAGUETE_CITY,,Taclobo,"Rented Warehouse of Anna's Electrical Supply, Colon St.",123.30555,9.304465,INDEX CRIME,Crime Against Property,THEFT,Salisi,Salisi (Establishment),,No,,,,,,,,,,,,,,,,,,,,,,,,Victim refused to file a case,Yes,Yes,No,No,0,Warehouse,,
2021-10-15,Friday,9:30:00,202110-1498,NEGROS_ORIENTAL,DUMAGUETE_CITY,,Looc,Zone 2,123.309074,9.314657,NON-INDEX CRIME,,SPECIALLAWS,PD 1602 / RA 9287  (GAMBLING),ILL GAMBLING (Bettor),,No,,,,,,,,,,,,,,,,Piyat-piyat,"

Confiscated pieces of evidence were:
a.) 1 Set playing cards consisting 52 pieces, red/white color combination with cover; and
b.) Bet money amounting to Two Hundred Ten (Php210.00).
		
",Php 210.00,,,,,,Filed in Pros / Court,No,Yes,No,Yes,4,(Inside Residences) - Public Residential Area,,
2021-10-15,Friday,10:10:00,202110-1499,NEGROS_ORIENTAL,DUMAGUETE_CITY,,Looc,Zone 2,123.310516,9.314241,NON-INDEX CRIME,,SPECIALLAWS,PD 1602 / RA 9287  (GAMBLING),ILL GAMBLING (Bettor),,No,,,,,,,,,,,,,,,,Tong-its,"
Confiscated pieces of evidence were:
a.) 1 Set playing cards consisting 52 pieces, blue/white color combination with cover; and
b.) Bet money amounting to Two Hundred Thirty (Php230.00).
		
	",Php 230.00,,,,,,Filed in Pros / Court,No,Yes,No,Yes,3,(Inside Residences) - Public Residential Area,,
2021-10-18,Monday,8:10:00,Traf(137)104,NEGROS_ORIENTAL,DUMAGUETE_CITY,,Bantayan,Rovira Road,123.303566,9.327189,NON-INDEX CRIME,,OTHERNONINDEX,Malicious Mischief,Malicious Mischief (Vehicular Accident),,No,,,,,,,,,,,,,,,,,,,,,,,,Victim refused to file a case,Yes,Yes,No,No,0,Along the Roads/Streets/Alleys,,
2021-10-19,Tuesday,0:15:00,202110-1512,NEGROS_ORIENTAL,DUMAGUETE_CITY,,Candau-ay,"Beside Gymnasium, Purok Scandinavian",123.263062,9.312854,NON-INDEX CRIME,,MURDER,Frustrated Murder,Shooting - M,,No,,Small Arms - Handgun (Pistol or Revolver),,,,,,,,,,,,,,,,,,,,,,Victim refused to file a case,Yes,Yes,No,No,0,Along the Roads/Streets/Alleys,,
2021-10-19,Tuesday,8:30:00,Traf(137)105,NEGROS_ORIENTAL,DUMAGUETE_CITY,,Poblacion No. 3 (Barangay 3),Intersection Cervantes St. and Independencia St.,123.304916,9.305726,NON-INDEX CRIME,,OTHERNONINDEX,Malicious Mischief,Malicious Mischief (Vehicular Accident),,No,,,,,,,,,,,,,,,,,,,,,,,,Victim refused to file a case,Yes,Yes,No,No,0,Along the Roads/Streets/Alleys,,
2021-10-19,Tuesday,11:45:00,Traf(137)106,NEGROS_ORIENTAL,DUMAGUETE_CITY,,Daro,Fronting Technomart,123.300491,9.319524,NON-INDEX CRIME,,OTHERNONINDEX,Malicious Mischief,Malicious Mischief (Vehicular Accident),,No,,,,,,,,,,,,,,,,,,,,,,,,Victim refused to file a case,Yes,Yes,No,No,0,Along the Roads/Streets/Alleys,,
2021-10-20,Wednesday,18:00:00,202110-1516,NEGROS_ORIENTAL,DUMAGUETE_CITY,,Poblacion No. 3 (Barangay 3),In front of Cathedral,123.307716,9.305318,NON-INDEX CRIME,,ROBBERY,Attempted Robbery,Hold-up w/ sharp object,,No,,,,,,,,,,,,,,,,,,,,,,,,Victim refused to file a case,Yes,Yes,No,Yes,1,Along the Roads/Streets/Alleys,,
2021-10-20,Wednesday,8:00:00,Traf(137)107,NEGROS_ORIENTAL,DUMAGUETE_CITY,,Banilad,"Crossing Sta. Monica, Banilad Highway",123.293274,9.279018,NON-INDEX CRIME,,OTHERNONINDEX,Malicious Mischief,Malicious Mischief (Vehicular Accident),,No,,,,,,,,,,,,,,,,,,,,,,,,Victim refused to file a case,Yes,Yes,No,No,0,Along the Roads/Streets/Alleys,,
2021-10-20,Wednesday,11:30:00,Traf(137)108,NEGROS_ORIENTAL,DUMAGUETE_CITY,,Calindagan,Infront of Mercury Drug Store,123.305199,9.299742,NON-INDEX CRIME,,OTHERNONINDEX,Malicious Mischief,Malicious Mischief (Vehicular Accident),,No,,,,,,,,,,,,,,,,,,,,,,,,Victim refused to file a case,Yes,Yes,No,No,0,Along the Roads/Streets/Alleys,,
2021-10-21,Thursday,2:05:00,202110-1520,NEGROS_ORIENTAL,DUMAGUETE_CITY,,Calindagan,Purok Camia,123.309654,9.299916,NON-INDEX CRIME,,SPECIALLAWS,RA 9165 (ILL DRUGS),Viol. of RA 9165 (Sec. 5),,No,,,,,,,,,,,,,,Shabu,"
Confiscated pcs of evidence: 
a.) One (1) pc elongated heat-sealed transparent plastic sachet containing white crystalline substance believed to be Shabu (subject of sale);
b.)  One (1) pc medium heat-sealed transparent plastic sachet containing white crystalline substance believed to be shabu; with total estimated weight of  4 grams with  DDB value of Php 27,000.00; and
c.) One (1) pc genuine Five hundred Peso bill (Php 500.00) as buy bust money. 
d.) One unit keypad cell phone color black and blue. 

",,,,,,,,,Filed in Pros / Court,Yes,Yes,No,Yes,1,(Inside Residences) - Public Residential Area,,
2021-10-21,Thursday,2:05:00,202110-1520,NEGROS_ORIENTAL,DUMAGUETE_CITY,,Calindagan,Purok Camia,123.309654,9.299916,NON-INDEX CRIME,,SPECIALLAWS,RA 9165 (ILL DRUGS),Viol. of RA 9165 (Sec. 11),,No,,,,,,,,,,,,,,Shabu,"
Confiscated pcs of evidence: 
a.) One (1) pc elongated heat-sealed transparent plastic sachet containing white crystalline substance believed to be Shabu (subject of sale);
b.)  One (1) pc medium heat-sealed transparent plastic sachet containing white crystalline substance believed to be shabu; with total estimated weight of  4 grams with  DDB value of Php 27,000.00; and
c.) One (1) pc genuine Five hundred Peso bill (Php 500.00) as buy bust money. 
d.) One unit keypad cell phone color black and blue. 

",,,,,,,,,Filed in Pros / Court,Yes,Yes,No,Yes,1,(Inside Residences) - Public Residential Area,,
2021-10-22,Friday,10:30:00,Traf(137)109,NEGROS_ORIENTAL,DUMAGUETE_CITY,,Cadawinonan,Fronting The Graden's Cemetery,123.266853,9.303329,NON-INDEX CRIME,,OTHERNONINDEX,Malicious Mischief,Malicious Mischief (Vehicular Accident),,No,,,,,,,,,,,,,,,,,,,,,,,,Victim refused to file a case,Yes,Yes,No,No,0,Along the Roads/Streets/Alleys,,
2021-10-22,Friday,13:40:00,Traf(137)111,NEGROS_ORIENTAL,DUMAGUETE_CITY,,Bajumpandan,,123.28244,9.280406,NON-INDEX CRIME,,PHYSICALINJURIES,Less Serious Phy Inj TRI,Vehicular Accident - PI,,Yes (not rel. to RA 7610),,,,,,,,,,,,,,,,,,,,,,,,Victim refused to file a case,Yes,Yes,No,No,0,Along the Roads/Streets/Alleys,,
2021-10-23,Saturday,3:13:00,202110-1525,NEGROS_ORIENTAL,DUMAGUETE_CITY,,Looc,Zone 2,123.311119,9.314516,NON-INDEX CRIME,,SPECIALLAWS,PD 1602 / RA 9287  (GAMBLING),ILL GAMBLING (Bettor),,No,,,,,,,,,,,,,,,,Tong-its,"

	Confiscated pieces of evidence were:
		a.) 1 Set playing cards consisting 52 pieces, red/yellow color combination 	without cover; and
		b.) Bet money amounting to Two Hundred Pesos(Php 200.00).
		
",Php 200.00,,,,,,Filed in Pros / Court,No,Yes,No,Yes,3,(Inside Residences) - Public Residential Area,,
2021-10-23,Saturday,4:00:00,202110-1526,NEGROS_ORIENTAL,DUMAGUETE_CITY,,Looc,Zone 2,123.31147,9.314818,NON-INDEX CRIME,,SPECIALLAWS,PD 1602 / RA 9287  (GAMBLING),ILL GAMBLING (Bettor),,No,,,,,,,,,,,,,,,,Chikicha,"

	Confiscated pieces of evidence were:
		a.) 1 Set playing cards consisting 52 pieces, red/blue color combination 	without cover; and
		b.) Bet money amounting to Three Hundred Pesos (Php 300.00).
		
",Php 300.00,,,,,,Filed in Pros / Court,No,Yes,No,Yes,4,(Inside Residences) - Public Residential Area,,
2021-10-23,Saturday,5:00:00,202110-1527,NEGROS_ORIENTAL,DUMAGUETE_CITY,,Looc,Zone 4,123.312042,9.315326,NON-INDEX CRIME,,SPECIALLAWS,RA 9165 (ILL DRUGS),Viol. of RA 9165 (Sec. 5),,No,,,,,,,,,,,,,,Shabu," a.) One (1) pc elongated heat-sealed transparent plastic sachet containing white crystalline substance believed to be Shabu (subject of sale); b.)  Three(3) pcs elongate heat-sealed transparent plastic sachet containing white crystalline substance believed to be shabu; with total estimated weight of  2 grams with  DDB value of Php 13,600.00; and c. ) One (1) pc genuine Five hundred Peso bill (Php 500.00 ) as buy bust money.  d) One (1) small black pouch containing item letter b. Suspect was immediately taken to Police Station for booking and proper dispo while documentary requirements are being prepared for filing in court.",,,,,,,,,Filed in Pros / Court,Yes,Yes,No,Yes,1,(Inside Residences) - Public Residential Area,,
2021-10-23,Saturday,5:00:00,202110-1527,NEGROS_ORIENTAL,DUMAGUETE_CITY,,Looc,,123.312042,9.315326,NON-INDEX CRIME,,SPECIALLAWS,RA 9165 (ILL DRUGS),Viol. of RA 9165 (Sec. 11),,No,,,,,,,,,,,,,,Shabu," a.) One (1) pc elongated heat-sealed transparent plastic sachet containing white crystalline substance believed to be Shabu (subject of sale); b.)  Three(3) pcs elongate heat-sealed transparent plastic sachet containing white crystalline substance believed to be shabu; with total estimated weight of  2 grams with  DDB value of Php 13,600.00; and c. ) One (1) pc genuine Five hundred Peso bill (Php 500.00 ) as buy bust money.  d) One (1) small black pouch containing item letter b. Suspect was immediately taken to Police Station for booking and proper dispo while documentary requirements are being prepared for filing in court.",,,,,,,,,Filed in Pros / Court,Yes,Yes,No,Yes,1,(Inside Residences) - Public Residential Area,,
2021-10-23,Saturday,15:10:00,Traf(137)112,NEGROS_ORIENTAL,DUMAGUETE_CITY,,Pulantubig,Infront of Magsaysay E/S,123.288284,9.324456,NON-INDEX CRIME,,OTHERNONINDEX,Malicious Mischief,Malicious Mischief (Vehicular Accident),,No,,,,,,,,,,,,,,,,,,,,,,,,Victim refused to file a case,Yes,Yes,No,No,0,Along the Roads/Streets/Alleys,,
2021-10-23,Saturday,15:27:00,Traf(137)113,NEGROS_ORIENTAL,DUMAGUETE_CITY,,Batinguel,Piñero Drive,123.271034,9.314109,NON-INDEX CRIME,,OTHERNONINDEX,Malicious Mischief,Malicious Mischief (Vehicular Accident),,No,,,,,,,,,,,,,,,,,,,,,,,,Victim refused to file a case,Yes,Yes,No,No,0,Along the Roads/Streets/Alleys,,
2021-10-24,Sunday,14:15:00,Traf(137)114,NEGROS_ORIENTAL,DUMAGUETE_CITY,,Camanjac,Diversion Road,123.271698,9.325101,NON-INDEX CRIME,,PHYSICALINJURIES,Less Serious Phy Inj TRI,Vehicular Accident - PI,,No,,,,,,,,,,,,,,,,,,,,,,,,Victim refused to file a case,Yes,Yes,No,No,0,Along the Roads/Streets/Alleys,,
2021-10-24,Sunday,14:15:00,Traf(137)114,NEGROS_ORIENTAL,DUMAGUETE_CITY,,Camanjac,Diversion Road,123.271698,9.325101,NON-INDEX CRIME,,OTHERNONINDEX,Malicious Mischief,Malicious Mischief (Vehicular Accident),,No,,,,,,,,,,,,,,,,,,,,,,,,Victim refused to file a case,Yes,Yes,No,No,0,Along the Roads/Streets/Alleys,,
2021-10-25,Monday,16:00:00,Traf(137)115,NEGROS_ORIENTAL,DUMAGUETE_CITY,,Banilad,T-Junction Purok Año National Highway,123.29319,9.279211,NON-INDEX CRIME,,OTHERNONINDEX,Malicious Mischief,Malicious Mischief (Vehicular Accident),,No,,,,,,,,,,,,,,,,,,,,,,,,Victim refused to file a case,Yes,Yes,No,No,0,Along the Roads/Streets/Alleys,,
2021-10-26,Tuesday,8:30:00,202110-1545,NEGROS_ORIENTAL,DUMAGUETE_CITY,,Looc,Zone 2,123.310898,9.314574,NON-INDEX CRIME,,SPECIALLAWS,PD 1602 / RA 9287  (GAMBLING),ILL GAMBLING (Bettor),,No,,,,,,,,,,,,,,,,Tong-its,"
		a.) 1 Set playing cards consisting 52 pieces, red/yellow color combination 	without cover; and
		b.) Bet money amounting to Three Hundred (Php 300.00) pesos.
		
",Php 300.00,,,,,,Filed in Pros / Court,No,Yes,No,Yes,3,(Inside Residences) - Public Residential Area,,
2021-10-26,Tuesday,10:00:00,202110-1547,NEGROS_ORIENTAL,DUMAGUETE_CITY,,Calindagan,Purok Orchids,123.309769,9.300456,NON-INDEX CRIME,,SPECIALLAWS,PD 1602 / RA 9287  (GAMBLING),ILL GAMBLING (Bettor),,No,,,,,,,,,,,,,,,,Piyat-piyat,"

	Confiscated pieces of evidence were:
		a.) 1 Set playing cards color red; and	
		b.) Bet money amounting to Three Hundred Ninety (Php 390.00) pesos.
		
",Php 390.00,,,,,,Filed in Pros / Court,Yes,Yes,No,Yes,4,(Inside Residences) - Public Residential Area,,
2021-10-26,Tuesday,10:35:00,202110-1548,NEGROS_ORIENTAL,DUMAGUETE_CITY,,Calindagan,Purok Orchids,123.309174,9.300308,NON-INDEX CRIME,,SPECIALLAWS,RA 9165 (ILL DRUGS),Viol. of RA 9165 (Sec. 11),,No,,,,,,,,,,,,,,Shabu,"
1.)	Two (2) pcs. Elongated transparent heat-sealed plastic sachet containing white crystalline granules/powder believe to be shabu marked as SAM-P1-10/26/2021 and SAM- PI-10/26/2021 with signature;
2.)	Three (3) pcs. Small transparent heat-sealed plastic sachet containing white crystalline granules/powder believe to be shabu marked as SAM-P3-10/26/2021, SAM-P4-10/26/2021 and SAM-P5-10/26/2021 with signature; and
3.)	One (1) pc. Empty medium size plastic sachet containing items number 1 & 2 marked as SAM-P6-10/26/2021.

",,,,,,,,,Filed in Pros / Court,Yes,Yes,No,Yes,1,(Inside Residences) - Public Residential Area,,
2021-10-25,Monday,17:00:00,202110-1550,NEGROS_ORIENTAL,DUMAGUETE_CITY,,Poblacion No. 3 (Barangay 3),Uymatiao,123.307991,9.307127,INDEX CRIME,Crime Against Property,THEFT,Qualified Theft,Qualified Theft,,No,,,,,,,,,,,,,,,,,,,,,,,,Victim refused to file a case,Yes,Yes,No,No,0,(Commercial-Business Establishments) - Office ,,
2021-10-26,Tuesday,15:00:00,202110-1551,NEGROS_ORIENTAL,DUMAGUETE_CITY,,Poblacion No. 3 (Barangay 3),Uymatiao,123.307907,9.307039,INDEX CRIME,Crime Against Property,THEFT,Qualified Theft,Qualified Theft,,No,,,,,,,,,,,,,,,,,,,,,,,,Victim refused to file a case,Yes,Yes,No,No,0,(Commercial-Business Establishments) - Office ,,
2021-10-26,Tuesday,10:20:00,Traf(137)116,NEGROS_ORIENTAL,DUMAGUETE_CITY,,Calindagan,Fatima Chapel,123.300201,9.295515,NON-INDEX CRIME,,OTHERNONINDEX,Malicious Mischief,Malicious Mischief (Vehicular Accident),,No,,,,,,,,,,,,,,,,,,,,,,,,Victim refused to file a case,Yes,Yes,No,No,0,Along the Roads/Streets/Alleys,,
2021-10-26,Tuesday,15:50:00,Traf(137)117,NEGROS_ORIENTAL,DUMAGUETE_CITY,,Daro,"Cimafranca St., West Drive",123.296066,9.31629,NON-INDEX CRIME,,OTHERNONINDEX,Malicious Mischief,Malicious Mischief (Vehicular Accident),,No,,,,,,,,,,,,,,,,,,,,,,,,Victim refused to file a case,Yes,Yes,No,No,0,Along the Roads/Streets/Alleys,,
2021-10-26,Tuesday,18:10:00,Traf(137)118,NEGROS_ORIENTAL,DUMAGUETE_CITY,,Junob,Diversion Road,123.281013,9.303923,NON-INDEX CRIME,,PHYSICALINJURIES,Less Serious Phy Inj TRI,Vehicular Accident - PI,,No,,,,,,,,,,,,,,,,,,,,,,,,Victim refused to file a case,Yes,Yes,No,No,0,Along the Roads/Streets/Alleys,,
2021-10-29,Friday,6:00:00,Traf(137)119,NEGROS_ORIENTAL,DUMAGUETE_CITY,,Batinguel,Fronting Teddy Convenience Store,123.282166,9.310302,NON-INDEX CRIME,,PHYSICALINJURIES,Less Serious Phy Inj TRI,Vehicular Accident - PI,,No,,,,,,,,,,,,,,,,,,,,,,,,Victim refused to file a case,Yes,Yes,No,No,0,Along the Roads/Streets/Alleys,,
2021-10-30,Saturday,9:30:00,Traf(137)121,NEGROS_ORIENTAL,DUMAGUETE_CITY,,Motong,"Fronting Imbo Empire, Upper Motong",123.283745,9.318126,NON-INDEX CRIME,,PHYSICALINJURIES,Less Serious Phy Inj TRI,Vehicular Accident - PI,,No,,,,,,,,,,,,,,,,,,,,,,,,Victim refused to file a case,Yes,Yes,No,No,0,Along the Roads/Streets/Alleys,,
2021-10-30,Saturday,9:30:00,Traf(137)121,NEGROS_ORIENTAL,DUMAGUETE_CITY,,Motong,"Fronting Imbo Empire, Upper Motong",123.283745,9.318126,NON-INDEX CRIME,,OTHERNONINDEX,Malicious Mischief,Malicious Mischief (Vehicular Accident),,No,,,,,,,,,,,,,,,,,,,,,,,,Victim refused to file a case,Yes,Yes,No,No,0,Along the Roads/Streets/Alleys,,
2021-10-31,Sunday,2:30PM,Traf(137)123,NEGROS_ORIENTAL,DUMAGUETE_CITY,,Taclobo,New Bridge,,,NON-INDEX CRIME,,PHYSICALINJURIES,Less Serious Phy Inj TRI,Vehicular Accident - PI,,No,,,,,,,,,,,,,,,,,,,,,,,,Victim refused to file a case,Yes,Yes,No,No,0,Along the Roads/Streets/Alleys,,
2021-10-31,Sunday,21:30:00,Traf(137)124,NEGROS_ORIENTAL,DUMAGUETE_CITY,,Barangay 4,"Near Honeycomb, Rizal Boulevard",,,NON-INDEX CRIME,,PHYSICALINJURIES,Less Serious Phy Inj TRI,Vehicular Accident - PI,,No,,,,,,,,,,,,,,,,,,,,,,,,Victim refused to file a case,Yes,Yes,No,No,0,Along the Roads/Streets/Alleys,,
2021-10-31,Sunday,19:40:00,W-0042,NEGROS_ORIENTAL,DUMAGUETE_CITY,,Cantil-e,,,,INDEX CRIME,Crime Against Person,RAPE,RAPE (Art 335 RPC / RA 8353),"Force, Threat and Intimidation",,Yes(RA 7610),,,,,,,,,,,,,,,,,,,,,,,,Filed in Pros / Court,Yes,Yes,No,Yes,1,Along the Roads/Streets/Alleys,,
2021-11-01,Monday,0:05:00,202111-1581,NEGROS_ORIENTAL,DUMAGUETE_CITY,,Taclobo,"Apartment owned by Mr. Roger Hongayo, Meciano Road",123.301117,9.306163,INDEX CRIME,Crime Against Property,ROBBERY,Robbery w/ ForceUponThings,Crowbar/Destroying Lock,,No,,,,,,,,,,,,,,,,,,,,,,,,Victim refused to file a case,Yes,Yes,No,Yes,1,(Inside Residences - Subdivision) - w/o Security Guard,,
2021-11-01,Monday,15:00:00,Traf(137)125,NEGROS_ORIENTAL,DUMAGUETE_CITY,,Looc,"Flores Avenue, Zone 3",123.310928,9.315427,NON-INDEX CRIME,,PHYSICALINJURIES,Less Serious Phy Inj TRI,Vehicular Accident - PI,,No,,,,,,,,,,,,,,,,,,,,,,,,Victim refused to file a case,Yes,Yes,No,No,0,Along the Roads/Streets/Alleys,,
2021-11-04,Thursday,5:25:00,Traf(137)127,NEGROS_ORIENTAL,DUMAGUETE_CITY,,Batinguel,T-junction Batinguel Highway and Amihan Road,123.28186,9.301938,NON-INDEX CRIME,,OTHERNONINDEX,Malicious Mischief,Malicious Mischief (Vehicular Accident),,No,,,,,,,,,,,,,,,,,,,,,,,,Victim refused to file a case,Yes,Yes,No,No,0,Along the Roads/Streets/Alleys,,
2021-11-04,Thursday,16:20:00,202111-1615,NEGROS_ORIENTAL,DUMAGUETE_CITY,,Pulantubig,Quarantine Control Points,123.290207,9.310011,NON-INDEX CRIME,,OTHERNONINDEX,Assault/Resistance to Authority, failed to cooperate and refused to go at the shoulder of the road,,No,,,,,,,,,,,,,,,,,,,,,,,,Victim refused to file a case,Yes,Yes,No,Yes,1,Along the Roads/Streets/Alleys,,
2021-11-05,Friday,6:00:00,Traf(137)128,NEGROS_ORIENTAL,DUMAGUETE_CITY,,Looc,Flores Avenue,123.286247,9.324329,NON-INDEX CRIME,,OTHERNONINDEX,Malicious Mischief,Malicious Mischief (Vehicular Accident),,No,,,,,,,,,,,,,,,,,,,,,,,,Victim refused to file a case,Yes,Yes,No,No,0,Along the Roads/Streets/Alleys,,
2021-11-06,Saturday,19:42:00,202111-1720,NEGROS_ORIENTAL,DUMAGUETE_CITY,,Bagacay,"Bagacay Cemetery, Purok Gumamela",123.3125,9.317602,NON-INDEX CRIME,,SPECIALLAWS,RA 9165 (ILL DRUGS),Viol. of RA 9165 (Sec. 5),,No,,,,,,,,,,,,,,Shabu,"
Confiscated pcs of evidence: 
a.) One (1) pc elongated heat-sealed transparent plastic sachet containing white crystalline substance believed to be Shabu (subject of sale);
b.)  One (1) pc Medium size heat-sealed transparent plastic sachet containing white crystalline substance believed to be shabu; with total estimated weight of  3 grams with  DDB value of Php 20,400.00; and
c.) One (1) pc genuine Five hundred Peso bill (Php 500.00 ) as buy bust money.

",,,,,,,,,Filed in Pros / Court,Yes,Yes,No,Yes,1,(Inside Residences) - Public Residential Area,,
2021-11-06,Saturday,19:42:00,202111-1720,NEGROS_ORIENTAL,DUMAGUETE_CITY,,Bagacay,"Bagacay Cemetery, Purok Gumamela",123.292061,9.304733,NON-INDEX CRIME,,SPECIALLAWS,RA 9165 (ILL DRUGS),Viol. of RA 9165 (Sec. 11),,No,,,,,,,,,,,,,,Shabu,"
Confiscated pcs of evidence: 
a.) One (1) pc elongated heat-sealed transparent plastic sachet containing white crystalline substance believed to be Shabu (subject of sale);
b.)  One (1) pc Medium size heat-sealed transparent plastic sachet containing white crystalline substance believed to be shabu; with total estimated weight of  3 grams with  DDB value of Php 20,400.00; and
c.) One (1) pc genuine Five hundred Peso bill (Php 500.00 ) as buy bust money.

",,,,,,,,,Filed in Pros / Court,Yes,Yes,No,Yes,1,(Inside Residences) - Public Residential Area,,
2021-11-07,Sunday,17:30:00,Traf(137)129,NEGROS_ORIENTAL,DUMAGUETE_CITY,,Daro,"Crossing Brix, Aldecoa St.",123.292061,9.304733,NON-INDEX CRIME,,PHYSICALINJURIES,Less Serious Phy Inj TRI,Vehicular Accident - PI,,No,,,,,,,,,,,,,,,,,,,,,,,,Victim refused to file a case,Yes,Yes,No,No,0,Along the Roads/Streets/Alleys,,
2021-11-07,Sunday,17:30:00,Traf(137)129,NEGROS_ORIENTAL,DUMAGUETE_CITY,,Daro,"Crossing Brix, Aldecoa St.",123.301811,9.31683,NON-INDEX CRIME,,OTHERNONINDEX,Malicious Mischief,Malicious Mischief (Vehicular Accident),,No,,,,,,,,,,,,,,,,,,,,,,,,Victim refused to file a case,Yes,Yes,No,No,0,Along the Roads/Streets/Alleys,,
2021-11-07,Sunday,10:15PM,202111-1727,NEGROS_ORIENTAL,DUMAGUETE_CITY,,Bajumpandan,Purok Kalubihan,123.301811,9.31683,INDEX CRIME,Crime Against Property,THEFT,Salisi,Petnapping (Chicken),,No,,,,,,,,,,,,,,,,,,,,,,,,Victim refused to file a case,Yes,Yes,No,Yes,1,(Inside Residences) - Public Residential Area,,
2021-11-08,Monday,11:00:00,202111-1737,NEGROS_ORIENTAL,DUMAGUETE_CITY,,Piapi,28 EJ Blanco Drive,123.30909,9.303214,NON-INDEX CRIME,,OTHERNONINDEX,DISCHARGE OF FIREARMS - RPC Art 254, fired an undetermined hand gun,,No,,Small Arms - Handgun (Pistol or Revolver),Cal. 45,,,UNRECOVERED,,,,,,,,,,,,,,,,,,Victim refused to file a case,Yes,Yes,No,Yes,1,(Inside Residences) - Public Residential Area,,
2021-11-08,Monday,23:30:00,202111-1745,NEGROS_ORIENTAL,DUMAGUETE_CITY,,Bagacay,Purok Malangsuba,123.31073,9.322785,INDEX CRIME,Crime Against Property,THEFT,Salisi,Salisi (Akyat Bahay),,No,,,,,,,,,,,,,,,,,,,,,,,,Victim refused to file a case,Yes,Yes,No,Yes,1,(Inside Residences - Subdivision) - w/o Security Guard,,
2021-11-05,Friday,2:40:00,202111-1747,NEGROS_ORIENTAL,DUMAGUETE_CITY,,Poblacion No. 6 (Barangay 6),Abby's by Pinky Coffee Shop,123.297173,9.304829,INDEX CRIME,Crime Against Property,THEFT,Qualified Theft,Qualified Theft,,No,,,,,,,,,,,,,,,,,,,,,,,,Under Investigation,No,No,Yes,No,0,(Inside Residences - Subdivision) - w/o Security Guard,,
2021-11-09,Tuesday,11:30:00,Traf(137)130,NEGROS_ORIENTAL,DUMAGUETE_CITY,,Bunao,"T-junction, Buñao Road and Villaverde Subd.",123.308586,9.309201,NON-INDEX CRIME,,PHYSICALINJURIES,Less Serious Phy Inj TRI,Vehicular Accident - PI,,No,,,,,,,,,,,,,,,,,,,,,,,,Victim refused to file a case,Yes,Yes,No,No,0,(Commercial-Business Establishments) - Office ,,
2021-11-09,Tuesday,11:30:00,Traf(137)130,NEGROS_ORIENTAL,DUMAGUETE_CITY,,Bunao,"T-junction, Buñao Road and Villaverde Subd.",123.292465,9.329895,NON-INDEX CRIME,,OTHERNONINDEX,Malicious Mischief,Malicious Mischief (Vehicular Accident),,No,,,,,,,,,,,,,,,,,,,,,,,,Victim refused to file a case,Yes,Yes,No,No,0,Along the Roads/Streets/Alleys,,
2021-11-09,Tuesday,14:45:00,Traf(137)131,NEGROS_ORIENTAL,DUMAGUETE_CITY,,Poblacion No. 3 (Barangay 3),Intersection Perdices and Pinili St.,123.292465,9.329895,NON-INDEX CRIME,,OTHERNONINDEX,Malicious Mischief,Malicious Mischief (Vehicular Accident),,No,,,,,,,,,,,,,,,,,,,,,,,,Victim refused to file a case,Yes,Yes,No,No,0,Along the Roads/Streets/Alleys,,
2021-11-09,Tuesday,11:00:00,Traf(137)132,NEGROS_ORIENTAL,DUMAGUETE_CITY,,Poblacion No. 3 (Barangay 3),"Fronting Union Bank, Real St.",123.307831,9.304196,NON-INDEX CRIME,,OTHERNONINDEX,Malicious Mischief,Malicious Mischief (Vehicular Accident),,No,,,,,,,,,,,,,,,,,,,,,,,,Victim refused to file a case,Yes,Yes,No,No,0,Along the Roads/Streets/Alleys,,
2021-11-09,Tuesday,21:37:00,202111-1763,NEGROS_ORIENTAL,DUMAGUETE_CITY,,Looc,Zone 4,123.305573,9.309019,NON-INDEX CRIME,,SPECIALLAWS,RA 9165 (ILL DRUGS),Viol. of RA 9165 (Sec. 11),,No,,,,,,,,,,,,,,Shabu,"
Confiscated pcs of evidence: 
1.	One (1) piece small size Heat sealed transparent plastic sachet containing suspected shabu/granules later marked as EGC-P1-11/9/2021 with signature, estimated weight of .05 grams with DDV of Php340.00.

",,,,,,,,,Filed in Pros / Court,Yes,Yes,No,Yes,1,Along the Roads/Streets/Alleys,,
2021-11-10,Wednesday,11:00:00,Traf(137)133,NEGROS_ORIENTAL,DUMAGUETE_CITY,,Poblacion No. 3 (Barangay 3),Colon St.,123.31189,9.316491,NON-INDEX CRIME,,OTHERNONINDEX,Malicious Mischief,Malicious Mischief (Vehicular Accident),,No,,,,,,,,,,,,,,,,,,,,,,,,Victim refused to file a case,Yes,Yes,No,No,0,(Inside Residences) - Public Residential Area,,
2021-11-10,Wednesday,13:30:00,Traf(137)134,NEGROS_ORIENTAL,DUMAGUETE_CITY,,Poblacion No. 3 (Barangay 3),Intersection Pinili St. and Perdices St.,123.306984,9.30466,NON-INDEX CRIME,,OTHERNONINDEX,Malicious Mischief,Malicious Mischief (Vehicular Accident),,No,,,,,,,,,,,,,,,,,,,,,,,,Victim refused to file a case,Yes,Yes,No,No,0,Along the Roads/Streets/Alleys,,
2021-11-10,Wednesday,15:10:00,Traf(137)135,NEGROS_ORIENTAL,DUMAGUETE_CITY,,Poblacion No. 7 (Barangay 7),Dr. V. Locsin St.,123.307808,9.304189,NON-INDEX CRIME,,OTHERNONINDEX,Malicious Mischief,Malicious Mischief (Vehicular Accident),,No,,,,,,,,,,,,,,,,,,,,,,,,Victim refused to file a case,Yes,Yes,No,No,0,Along the Roads/Streets/Alleys,,
2021-11-10,Wednesday,23:30:00,202111-1773,NEGROS_ORIENTAL,DUMAGUETE_CITY,,Taclobo,Meciano Road,123.301147,9.30602,NON-INDEX CRIME,,SPECIALLAWS,RA 9165 (ILL DRUGS),Viol. of RA 9165 (Sec. 11),,No,,,,,,,,,,,,,,Shabu,"

Confiscated pcs of evidences: 
1.	One (1) piece small size Heat sealed transparent plastic sachet containing suspected shabu/granules later marked as RLL-P1-11/10/2021 with signature, estimated weight of .02 grams with SDV of Php150.00; and
2.	One (1) unit Suzuki Raider Motorcycle color Black with Key and No Plate Number marked as RLL-P2-11/10/2021 with signature.

",,,,,,,,,Filed in Pros / Court,Yes,Yes,No,Yes,1,Along the Roads/Streets/Alleys,,
2021-11-11,Thursday,2:45:00,202111-1776,NEGROS_ORIENTAL,DUMAGUETE_CITY,,Junob,"Balugo Road, Purok Maharlika",123.279427,9.303193,NON-INDEX CRIME,,OTHERNONINDEX,Assault/Resistance to Authority, refused to stop and speed off away,,No,,,,,,,,,,,,,,,,,,,,,,,,Filed in Pros / Court,Yes,Yes,No,Yes,3,Along the Roads/Streets/Alleys,,
2021-11-11,Thursday,2:45:00,202111-1777,NEGROS_ORIENTAL,DUMAGUETE_CITY,,Junob,"Balugo Road, Purok Maharlika",123.280228,9.303076,NON-INDEX CRIME,,SPECIALLAWS,RA 9165 (ILL DRUGS),Viol. of RA 9165 (Sec. 11),,No,,,,,,,,,,,,,,Shabu,"
Confiscated pieces of evidence:
a.	One (1) pc. Elongated heat-sealed transparent plastic sachet containing suspected shabu;
b.	One (1) pc. Elongated heat-sealed transparent plastic sachet containing suspected shabu
c.	One (1) pc. Improvised totter;
d.	One (1) pc. Transparent plastic containing items 1 and 2;
e.	One (1) pc. Disposable lighter; and
f.	One (1) unit Suzuki Smash Motorcycle color black with plate no.0901-483126. 
",,,,,,,,,Filed in Pros / Court,Yes,Yes,No,Yes,1,Along the Roads/Streets/Alleys,,
2021-11-11,Thursday,7:30:00,202111-1778,NEGROS_ORIENTAL,DUMAGUETE_CITY,,Tabuctubig,#884,123.302612,9.301409,NON-INDEX CRIME,,OTHERNONINDEX,Trespassing, complainant suddenly she saw,,No,,,,,,,,,,,,,,,,,,,,,,,,Filed in Pros / Court,Yes,Yes,No,Yes,2,(Commercial-Business Establishments) - Restaurant /Fastfood Chain/Eatery,,
2021-11-11,Thursday,7:50:00,Tarf(137)136,NEGROS_ORIENTAL,DUMAGUETE_CITY,,Bagacay,Along the Road,123.298515,9.301068,NON-INDEX CRIME,,PHYSICALINJURIES,Less Serious Phy Inj TRI,Vehicular Accident - PI,,No,,,,,,,,,,,,,,,,,,,,,,,,Victim refused to file a case,Yes,Yes,No,No,0,Along the Roads/Streets/Alleys,,
2021-11-11,Thursday,7:50:00,Tarf(137)136,NEGROS_ORIENTAL,DUMAGUETE_CITY,,Bagacay,Along the Road,123.298515,9.301068,NON-INDEX CRIME,,OTHERNONINDEX,Malicious Mischief,Malicious Mischief (Vehicular Accident),,No,,,,,,,,,,,,,,,,,,,,,,,,Victim refused to file a case,Yes,Yes,No,No,0,Along the Roads/Streets/Alleys,,
2021-11-11,Thursday,22:44:00,202111-1791,NEGROS_ORIENTAL,DUMAGUETE_CITY,,Taclobo,Purok Kawayan,123.296783,9.309339,NON-INDEX CRIME,,SPECIALLAWS,RA 9165 (ILL DRUGS),Viol. of RA 9165 (Sec. 5),,No,,,,,,,,,,,,,,Shabu,,,,,,,,,,Filed in Pros / Court,Yes,Yes,No,Yes,1,(Inside Residences - Subdivision) - w/o Security Guard,,
2021-11-11,Thursday,22:44:00,202111-1791,NEGROS_ORIENTAL,DUMAGUETE_CITY,,Taclobo,Purok Kawayan,123.296783,9.309339,NON-INDEX CRIME,,SPECIALLAWS,RA 9165 (ILL DRUGS),Viol. of RA 9165 (Sec. 11),,No,,,,,,,,,,,,,,Shabu,,,,,,,,,,Filed in Pros / Court,Yes,Yes,No,Yes,1,(Inside Residences - Subdivision) - w/o Security Guard,,
2021-11-12,Friday,7:30:00,Traf(137)137,NEGROS_ORIENTAL,DUMAGUETE_CITY,,Bunao,National Highway,123.295685,9.329891,NON-INDEX CRIME,,OTHERNONINDEX,Malicious Mischief,Malicious Mischief (Vehicular Accident),,No,,,,,,,,,,,,,,,,,,,,,,,,Victim refused to file a case,Yes,Yes,No,No,0,Along the Roads/Streets/Alleys,,
2021-11-12,Friday,13:10:00,Traf(137)138,NEGROS_ORIENTAL,DUMAGUETE_CITY,,Poblacion No. 5 (Barangay 5),Silliman Avenue,123.306915,9.310257,NON-INDEX CRIME,,OTHERNONINDEX,Malicious Mischief,Malicious Mischief (Vehicular Accident),,No,,,,,,,,,,,,,,,,,,,,,,,,Victim refused to file a case,Yes,Yes,No,No,0,Along the Roads/Streets/Alleys,,
2021-11-13,Saturday,1:40:00,202111-1810,NEGROS_ORIENTAL,DUMAGUETE_CITY,,Looc,Zone 2,123.309097,9.315522,NON-INDEX CRIME,,SPECIALLAWS,PD 1602 / RA 9287  (GAMBLING),ILL GAMBLING (Bettor),,No,,,,,,,,,,,,,,,,Tong-its,"

	Confiscated pieces of evidence were:
		a.) 1 Set playing cards consisting 52 pieces, blue/white color combination 	without cover; and
		b.) Bet money amounting to One Hundred Forty Pesos(Php 140.00).
		
",Php 140.00,,,,,,Filed in Pros / Court,Yes,Yes,No,Yes,3,(Inside Residences) - Public Residential Area,,
2021-11-13,Saturday,2:10:00,202111-1811,NEGROS_ORIENTAL,DUMAGUETE_CITY,,Looc,Zone 2,123.309052,9.316496,NON-INDEX CRIME,,SPECIALLAWS,PD 1602 / RA 9287  (GAMBLING),ILL GAMBLING (Bettor),,No,,,,,,,,,,,,,,,,Tong-its,"
	Confiscated pieces of evidence were:
		a.) 1 Set playing cards consisting 52 pieces, red/white color combination 	without cover; and
		b.) Bet money amounting to One Hundred FiftyPesos(Php 150.00).
		
",Php 150.00,,,,,,Filed in Pros / Court,Yes,Yes,No,Yes,3,(Inside Residences) - Public Residential Area,,
2021-11-12,Friday,22:20:00,Traf(137)139,NEGROS_ORIENTAL,DUMAGUETE_CITY,,Junob,Dumaguete Valencia Road,123.277489,9.29395,NON-INDEX CRIME,,OTHERNONINDEX,Malicious Mischief,Malicious Mischief (Vehicular Accident),,No,,,,,,,,,,,,,,,,,,,,,,,,Victim refused to file a case,Yes,Yes,No,No,0,(Inside Residences) - Public Residential Area,,
2021-11-12,Friday,22:20:00,Traf(137)139,NEGROS_ORIENTAL,DUMAGUETE_CITY,,Junob,Dumaguete Valencia Road,123.277489,9.29395,NON-INDEX CRIME,,HOMICIDE,Homicide TRI,Vehicular Accident - H,,No,,,,,,,,,,,,,,,,,,,,,,,,Victim refused to file a case,Yes,Yes,No,No,0,(Inside Residences) - Public Residential Area,,
2021-11-12,Friday,22:40:00,202111-1807,NEGROS_ORIENTAL,DUMAGUETE_CITY,,Balugo,,123.257332,9.308481,NON-INDEX CRIME,,OTHERNONINDEX,Malicious Mischief,Malicious Mischief (General),,No,,,,,,,,,,,,,,,,,,,,,,,,Victim refused to file a case,Yes,Yes,No,Yes,1,(Inside Residences) - Public Residential Area,,
2021-11-13,Saturday,20:51:00,202111-1823,NEGROS_ORIENTAL,DUMAGUETE_CITY,,Looc,Zone 2,123.310852,9.314548,NON-INDEX CRIME,,SPECIALLAWS,RA 9165 (ILL DRUGS),Viol. of RA 9165 (Sec. 5),,No,,,,,,,,,,,,,,Shabu,"

1.	Twelve (12) pieces elongated heat-sealed transparent plastic sachet containing suspected shabu granules/powder marked as BB-JCA-11-13-2021 Looc, Zone 2, Dgte City 8:53 PM and signature, P1-JCA-11-13-2021, Looc, Zone 2, Dgte City 9:03 PM and signature to P10-JCA-11-13-2021, Looc, Zone 2, Dgte City 9:03 PM and signature; 
2.	One (1) piece five-hundred-peso bill used as buy-bust money with serial number NU828018;
3.	One (1) piece plastic sachet marked as P11-JCA-11-13-2021, Looc, Zone 2, Dgte City 9:03 PM and signature;
4.	One (1) piece Palawan pawnshop receipt marked as P12-JCA-11-13-2021, Looc, Zone 2, Dgte City 9:03 PM and signature. 

",,,,,,,,,Filed in Pros / Court,Yes,Yes,No,Yes,1,(Inside Residences) - Public Residential Area,,
2021-11-13,Saturday,20:51:00,202111-1823,NEGROS_ORIENTAL,DUMAGUETE_CITY,,Looc,Zone 2,123.310852,9.314548,NON-INDEX CRIME,,SPECIALLAWS,RA 9165 (ILL DRUGS),Viol. of RA 9165 (Sec. 11),,No,,,,,,,,,,,,,,Shabu,"

1.	Twelve (12) pieces elongated heat-sealed transparent plastic sachet containing suspected shabu granules/powder marked as BB-JCA-11-13-2021 Looc, Zone 2, Dgte City 8:53 PM and signature, P1-JCA-11-13-2021, Looc, Zone 2, Dgte City 9:03 PM and signature to P10-JCA-11-13-2021, Looc, Zone 2, Dgte City 9:03 PM and signature; 
2.	One (1) piece five-hundred-peso bill used as buy-bust money with serial number NU828018;
3.	One (1) piece plastic sachet marked as P11-JCA-11-13-2021, Looc, Zone 2, Dgte City 9:03 PM and signature;
4.	One (1) piece Palawan pawnshop receipt marked as P12-JCA-11-13-2021, Looc, Zone 2, Dgte City 9:03 PM and signature. 

",,,,,,,,,Filed in Pros / Court,Yes,Yes,No,Yes,1,(Inside Residences) - Public Residential Area,,
2021-11-13,Saturday,21:56:00,202111-1825,NEGROS_ORIENTAL,DUMAGUETE_CITY,,Calindagan,Purok Orchids,123.309303,9.300546,NON-INDEX CRIME,,SPECIALLAWS,RA 9165 (ILL DRUGS),Viol. of RA 9165 (Sec. 5),,No,,,,,,,,,,,,,,Shabu,"
		a.) One (1) pc small heat-sealed transparent plastic sachet containing white crystalline substance believed to be Shabu (subject of sale);
		b.)  One (1) pc elongated heat-sealed transparent plastic sachet containing white crystalline substance believed to be shabu; with total estimated weight of 0.10 grams with  DDB value of Php 680.00; and
		c.) One (1) pc genuine Five hundred Peso bill (Php 500.00 ) as buy bust money. 
	Suspect was immediately taken to Police Station for booking and proper dispo while documentary requirements are being prepared for filing in court.",,,,,,,,,Filed in Pros / Court,Yes,Yes,No,Yes,1,(Inside Residences) - Public Residential Area,,
2021-11-13,Saturday,21:56:00,202111-1825,NEGROS_ORIENTAL,DUMAGUETE_CITY,,Calindagan,Purok Orchids,123.309303,9.300546,NON-INDEX CRIME,,SPECIALLAWS,RA 9165 (ILL DRUGS),Viol. of RA 9165 (Sec. 11),,No,,,,,,,,,,,,,,Shabu,"
		a.) One (1) pc small heat-sealed transparent plastic sachet containing white crystalline substance believed to be Shabu (subject of sale);
		b.)  One (1) pc elongated heat-sealed transparent plastic sachet containing white crystalline substance believed to be shabu; with total estimated weight of 0.10 grams with  DDB value of Php 680.00; and
		c.) One (1) pc genuine Five hundred Peso bill (Php 500.00 ) as buy bust money. 
	Suspect was immediately taken to Police Station for booking and proper dispo while documentary requirements are being prepared for filing in court.",,,,,,,,,Filed in Pros / Court,Yes,Yes,No,Yes,1,(Inside Residences) - Public Residential Area,,
2021-11-14,Sunday,8:30:00,Traf(137)142,NEGROS_ORIENTAL,DUMAGUETE_CITY,,Poblacion No. 5 (Barangay 5),Perdices St. corner Silliman Ave. Intersection,123.307556,9.310334,NON-INDEX CRIME,,OTHERNONINDEX,Malicious Mischief,Malicious Mischief (Vehicular Accident),,No,,,,,,,,,,,,,,,,,,,,,,,,Victim refused to file a case,Yes,Yes,No,No,0,Along the Roads/Streets/Alleys,,
2021-11-14,Sunday,14:10:00,Traf(137)143,NEGROS_ORIENTAL,DUMAGUETE_CITY,,Bagacay,Near VAP Gas Station,123.29303,9.299789,NON-INDEX CRIME,,OTHERNONINDEX,Malicious Mischief,Malicious Mischief (Vehicular Accident),,No,,,,,,,,,,,,,,,,,,,,,,,,Victim refused to file a case,Yes,Yes,No,No,0,Along the Roads/Streets/Alleys,,
2021-11-14,Sunday,19:35:00,202111-1830,NEGROS_ORIENTAL,DUMAGUETE_CITY,,Looc,Laguna,123.304749,9.316959,NON-INDEX CRIME,,OTHERNONINDEX,Alarm & Scandal, went wild  at complainants house,,No,,,,,,,,,,,,,,,,,,,,,,,,Victim refused to file a case,Yes,Yes,No,Yes,1,(Inside Residences) - Public Residential Area,,
2021-11-15,Monday,11:30:00,Traf(137)144,NEGROS_ORIENTAL,DUMAGUETE_CITY,,Tabuctubig,Fronting Breadcamp,123.302849,9.29944,NON-INDEX CRIME,,OTHERNONINDEX,Malicious Mischief,Malicious Mischief (Vehicular Accident),,No,,,,,,,,,,,,,,,,,,,,,,,,Victim refused to file a case,Yes,Yes,No,No,0,Along the Roads/Streets/Alleys,,
2021-11-15,Monday,14:45:00,Traf(137)145,NEGROS_ORIENTAL,DUMAGUETE_CITY,,Bantayan,Fronting SPUD,123.297485,9.3267,NON-INDEX CRIME,,OTHERNONINDEX,Malicious Mischief,Malicious Mischief (Vehicular Accident),,No,,,,,,,,,,,,,,,,,,,,,,,,Victim refused to file a case,Yes,Yes,No,No,0,Along the Roads/Streets/Alleys,,
2021-11-17,Wednesday,4:00:00,202111-1868,NEGROS_ORIENTAL,DUMAGUETE_CITY,,Piapi,"Unit 4, Marina Residences",123.311546,9.321938,INDEX CRIME,Crime Against Property,ROBBERY,Robbery w/ ForceUponThings,Crowbar/Destroying Lock,,No,,,,,,,,,,,,,,,,,,,,,,,,Victim refused to file a case,Yes,Yes,No,No,0,(Inside Residences - Subdivision) - w/o Security Guard,,
2021-11-18,Thursday,10:00:00,Traf(137)146,NEGROS_ORIENTAL,DUMAGUETE_CITY,,Poblacion No. 3 (Barangay 3),,123.306602,9.307359,NON-INDEX CRIME,,OTHERNONINDEX,Malicious Mischief,Malicious Mischief (Vehicular Accident),,No,,,,,,,,,,,,,,,,,,,,,,,,Victim refused to file a case,Yes,Yes,No,No,0,Along the Roads/Streets/Alleys,,
2021-11-18,Thursday,6:00:00,202111-1874,NEGROS_ORIENTAL,DUMAGUETE_CITY,,Poblacion No. 3 (Barangay 3),"Stall No. 188, Bldg. 3, Public Market",123.305962,9.305911,INDEX CRIME,Crime Against Property,THEFT,Salisi,Salisi (Establishment),,No,,,,,,,,,,,,,,,,,,,,,,,,Victim refused to file a case,Yes,Yes,No,No,0,Public Market  ,,
2021-11-18,Thursday,18:00:00,202111-1877,NEGROS_ORIENTAL,DUMAGUETE_CITY,,Mangnao-Canal,Melrose Resort,123.306618,9.290805,NON-INDEX CRIME,,OTHERNONINDEX,Assault/Resistance to Authority,"refused to pay the entrance fee, and cottage rental ",,No,,,,,,,,,,,,,,,,,,,,,,,,Victim refused to file a case,Yes,Yes,No,Yes,1,Resort,,
2021-11-19,Friday,21:00:00,202111-1894,NEGROS_ORIENTAL,DUMAGUETE_CITY,,Taclobo,"Bag-ong, Dalan",123.29895,9.310239,NON-INDEX CRIME,,OTHERNONINDEX,Estafa,Collection sum of money,,No,,,,,,,,,,,,,,,,,,,,,,,,Victim refused to file a case,Yes,Yes,No,No,0,(Inside Residences - Subdivision) - w/o Security Guard,,
2021-11-19,Friday,22:30:00,202111-1895,NEGROS_ORIENTAL,DUMAGUETE_CITY,,Calindagan,Canday-ong,123.309593,9.300276,NON-INDEX CRIME,,OTHERNONINDEX,Alarm & Scandal,"went wild, acted unruly",,No,,,,,,,,,,,,,,,,,,,,,,,,Victim refused to file a case,Yes,Yes,No,Yes,1,(Inside Residences) - Public Residential Area,,
2021-11-20,Saturday,1:48:00,202111-1897,NEGROS_ORIENTAL,DUMAGUETE_CITY,,Candau-ay,Dumpsite,123.258698,9.31386,NON-INDEX CRIME,,SPECIALLAWS,RA 9165 (ILL DRUGS),Viol. of RA 9165 (Sec. 11),,No,,,,,,,,,,,,,,Shabu,"

Confiscated pieces of evidence:
a.	One (1) pc. small size heat-sealed transparent plastic sachet containing suspected shabu with estimated weight of 0.3 grams with SDP of Php. 2,040.00.
",,,,,,,,,Filed in Pros / Court,Yes,Yes,No,Yes,1,(Inside Residences) - Public Residential Area,,
2021-11-20,Saturday,8:10:00,202111-1898,NEGROS_ORIENTAL,DUMAGUETE_CITY,,Calindagan,Purok Orchids,123.309509,9.300795,NON-INDEX CRIME,,SPECIALLAWS,PD 1602 / RA 9287  (GAMBLING),ILL GAMBLING (Bettor),,No,,,,,,,,,,,,,,,,Tong-its,"
	Confiscated pieces of evidence were:
		a.) 1 Set playing cards consisting 52 pieces, red/green/white color combination 	without cover; and
		b.) Bet money amounting to One Hundred FortyPesos(Php 140.00).
		
",Php 140.00,,,,,,Filed in Pros / Court,Yes,Yes,No,Yes,3,(Inside Residences) - Public Residential Area,,
2021-11-20,Saturday,8:30:00,202111-1899,NEGROS_ORIENTAL,DUMAGUETE_CITY,,Calindagan,Purok Orchids,123.309509,9.300795,NON-INDEX CRIME,,SPECIALLAWS,PD 1602 / RA 9287  (GAMBLING),ILL GAMBLING (Bettor),,No,,,,,,,,,,,,,,,,Tong-its,"

	Confiscated pieces of evidence were:
		a.) 1 Set playing cards consisting 52 pieces, red/blue/white color combination 	without cover; and
		b.) Bet money amounting to One Hundred FortyPesos(Php 140.00).
		
",Php 140.00,,,,,,Filed in Pros / Court,Yes,Yes,No,Yes,3,(Inside Residences) - Public Residential Area,,
2021-11-20,Saturday,10:30:00,202111-1900,NEGROS_ORIENTAL,DUMAGUETE_CITY,,Looc,Zone 2,123.309669,9.315824,NON-INDEX CRIME,,SPECIALLAWS,PD 1602 / RA 9287  (GAMBLING),ILL GAMBLING (Bettor),,No,,,,,,,,,,,,,,,,Piyat-piyat,"
	Confiscated pieces of evidence were:
		a.) 1 Set playing cards consisting 52 pieces, Blue/white color combination 	without cover; and
		b.) Bet money amounting to One Hundred NinetyPesos(Php 190.00).
		
",Php 190.00,,,,,,Filed in Pros / Court,Yes,Yes,No,Yes,4,(Inside Residences) - Public Residential Area,,
2021-11-20,Saturday,9:30:00,202111-1902,NEGROS_ORIENTAL,DUMAGUETE_CITY,,Looc,Zone 2,123.309174,9.316443,NON-INDEX CRIME,,SPECIALLAWS,PD 1602 / RA 9287  (GAMBLING),ILL GAMBLING (Bettor),,No,,,,,,,,,,,,,,,,Tong-its,"

	Confiscated pieces of evidence were:
		a.) 1 Set playing cards consisting 52 pieces, red/yellow/white color combination 	without cover; and
		b.) Bet money amounting to Two HundredPesos(Php 200.00).
		
",Php 200.00,,,,,,Filed in Pros / Court,Yes,Yes,No,Yes,3,(Inside Residences) - Public Residential Area,,
2021-11-21,Sunday,17:35:00,202111-1908,NEGROS_ORIENTAL,DUMAGUETE_CITY,,Poblacion No. 3 (Barangay 3),Lee Super Plaza,123.306602,9.307359,INDEX CRIME,Crime Against Property,THEFT,Shop Lifting,Shoplifting,,No,,,,,,,,,,,,,,,,,,,,,,,,Victim refused to file a case,Yes,Yes,No,Yes,1,(Commercial-Business Establishments) - Grocery / Convenience Store / Sari sari Store,,
2021-11-22,Monday,11:00:00,202111-1912,NEGROS_ORIENTAL,DUMAGUETE_CITY,,Mangnao-Canal,"Kt Junkshop, South National Highway",123.306618,9.290805,INDEX CRIME,Crime Against Property,THEFT,Salisi,Salisi (Establishment),,No,,,,,,,,,,,,,,,,,,,,,,,,Victim refused to file a case,Yes,Yes,No,Yes,1,Junkshop,,
2021-11-24,Wednesday,10:00:00,202111-1936,NEGROS_ORIENTAL,DUMAGUETE_CITY,,Poblacion No. 8 (Barangay 8),Cervantes St.,123.304657,9.303431,INDEX CRIME,Crime Against Property,THEFT,Salisi,Salisi (Establishment),,No,,,,,,,,,,,,,,,,,,,,,,,,Victim refused to file a case,Yes,Yes,No,No,0,Inside Internet Cafe,,
2021-11-24,Wednesday,8:50:00,Traf(137)149,NEGROS_ORIENTAL,DUMAGUETE_CITY,,Mangnao-Canal,"Near Mangnao E/S, National Highway",123.299026,9.293767,NON-INDEX CRIME,,OTHERNONINDEX,Malicious Mischief,Malicious Mischief (Vehicular Accident),,No,,,,,,,,,,,,,,,,,,,,,,,,Victim refused to file a case,Yes,Yes,No,No,0,Along the Roads/Streets/Alleys,,
2021-11-27,Saturday,3:21:00,202111-1967,NEGROS_ORIENTAL,DUMAGUETE_CITY,,Looc,Zone 2,123.31086,9.314447,NON-INDEX CRIME,,SPECIALLAWS,PD 1602 / RA 9287  (GAMBLING),ILL GAMBLING (Bettor),,No,,,,,,,,,,,,,,,,Tong-its,"

	Confiscated pieces of evidence were:
		a.) 1 Set playing cards consisting 52 pieces, yellow/red color combination; and
		b.) Bet money amounting to One HundredSixty(Php 160.00).
		
",Php 160.00,,,,,,Filed in Pros / Court,No,Yes,No,Yes,3,(Inside Residences) - Public Residential Area,,
2021-11-27,Saturday,3:49:00,202111-1968,NEGROS_ORIENTAL,DUMAGUETE_CITY,,Looc,Zone 2,123.310501,9.314506,NON-INDEX CRIME,,SPECIALLAWS,PD 1602 / RA 9287  (GAMBLING),ILL GAMBLING (Bettor),,No,,,,,,,,,,,,,,,,Tong-its,"Arrested Persons for Violation of PD 1602 ""Tong-its” 

How:TMRU Pat Jomari V Garitand CIU personnel led by PLT BOBBY FULMARAN, Chief CIS, Tactical Support Company and 702nd Maritime Group, under the supervision of PLTCOL JOESON B PARALLAG, ACOP, DCPS conducted anti-illegal gambling operation on the above stated place, date and time that resulted to the arrest of the above stated suspects.

	Confiscated pieces of evidence were:
		a.) 1 Set playing cards consisting 52 pieces, red/white color combination; and
		b.) Bet money amounting to Two HundredPesos(Php 200.00).
		
	Remarks:The confiscated evidence was properly inventoried and photographed by the arresting officer together with the arrested suspects. The arrested suspects were brought to this office pending for filing of appropriate charges.",Php 200.00,,,,,,Filed in Pros / Court,No,Yes,No,Yes,3,(Inside Residences) - Public Residential Area,,
2021-11-27,Saturday,10:20:00,202111-1974,NEGROS_ORIENTAL,DUMAGUETE_CITY,,Looc,Zone 3,123.310196,9.314892,NON-INDEX CRIME,,SPECIALLAWS,PD 1602 / RA 9287  (GAMBLING),ILL GAMBLING (Bettor),,No,,,,,,,,,,,,,,,,Piyat-piyat,"Violation of PD 1602 (Baraha)

HOW: Joint operatives of the Provincial Intelligence Unit and Dumaguete CPS led by the undersigned conducted a monitoring on reported illegal gambling at Purok 3, Brgy. Looc, Dumaguete City, Neg. Or. This resulted to the actual arrest of the aforesaid suspects and recovery of the pieces evidence related to the aforesaid offense listed to wit;

1.	Bet Money amounting to two hundred forty pesos (Php 240.00);
2.	One (1) set of playing cards;

VII.	Remarks: All arrested suspects were temporarily detained at Dumaguete CPS for proper disposition while recovered pieces of evidence were in temporary custody of the seizing officer for proper disposition.",Php 240.00,,,,,,Filed in Pros / Court,Yes,Yes,No,Yes,4,(Inside Residences) - Public Residential Area,,
2021-11-27,Saturday,13:00:00,Traf(137)152,NEGROS_ORIENTAL,DUMAGUETE_CITY,,Poblacion No. 3 (Barangay 3),Ma. Cristina St.,123.306419,9.308622,NON-INDEX CRIME,,OTHERNONINDEX,Malicious Mischief,Malicious Mischief (Vehicular Accident),,No,,,,,,,,,,,,,,,,,,,,,,,,Victim refused to file a case,Yes,Yes,No,No,0,Along the Roads/Streets/Alleys,,
2021-11-27,Saturday,23:05:00,202111-1987,NEGROS_ORIENTAL,DUMAGUETE_CITY,,Looc,Zone 2,123.310677,9.314458,NON-INDEX CRIME,,SPECIALLAWS,RA 9165 (ILL DRUGS),Viol. of RA 9165 (Sec. 5),,No,,,,,,,,,,,,,,Shabu,"

		Confiscated pcs of evidence: 
		a.) One (1) pc elongated heat-sealed transparent plastic sachet containing white crystalline substance believed to be Shabu (subject of sale);
		b.)  One (1) pc elongated heat-sealed transparent plastic sachet containing white crystalline substance believed to be shabu; with total estimated weight of 0.10 grams with  DDB value of Php 680.00; and
		c.) One (1) pc genuine Five hundred Peso bill (Php 500.00 ) as buy bust money. 

",,,,,,,,,Filed in Pros / Court,Yes,Yes,No,Yes,1,(Inside Residences) - Public Residential Area,,
2021-11-27,Saturday,23:05:00,202111-1987,NEGROS_ORIENTAL,DUMAGUETE_CITY,,Looc,Zone 2,123.310677,9.314458,NON-INDEX CRIME,,SPECIALLAWS,RA 9165 (ILL DRUGS),Viol. of RA 9165 (Sec. 11),,No,,,,,,,,,,,,,,Shabu,"

		Confiscated pcs of evidence: 
		a.) One (1) pc elongated heat-sealed transparent plastic sachet containing white crystalline substance believed to be Shabu (subject of sale);
		b.)  One (1) pc elongated heat-sealed transparent plastic sachet containing white crystalline substance believed to be shabu; with total estimated weight of 0.10 grams with  DDB value of Php 680.00; and
		c.) One (1) pc genuine Five hundred Peso bill (Php 500.00 ) as buy bust money. 

",,,,,,,,,Filed in Pros / Court,Yes,Yes,No,Yes,1,(Inside Residences) - Public Residential Area,,
2021-11-27,Saturday,23:20:00,Traf(137)153,NEGROS_ORIENTAL,DUMAGUETE_CITY,,Motong,Crossing Motong,123.290108,9.317931,NON-INDEX CRIME,,PHYSICALINJURIES,Less Serious Phy Inj TRI,Vehicular Accident - PI,,No,,,,,,,,,,,,,,,,,,,,,,,,Victim refused to file a case,Yes,Yes,No,No,0,Along the Roads/Streets/Alleys,,
2021-11-27,Saturday,23:20:00,Traf(137)153,NEGROS_ORIENTAL,DUMAGUETE_CITY,,Motong,Crossing Motong,123.290108,9.317931,NON-INDEX CRIME,,OTHERNONINDEX,Malicious Mischief,Malicious Mischief (Vehicular Accident),,No,,,,,,,,,,,,,,,,,,,,,,,,Victim refused to file a case,Yes,Yes,No,No,0,Along the Roads/Streets/Alleys,,
2021-11-28,Sunday,15:00:00,202111-1990,NEGROS_ORIENTAL,DUMAGUETE_CITY,,Daro,Purok Kawayan,123.295914,9.320228,NON-INDEX CRIME,,OTHERNONINDEX,Alarm & Scandal,created trouble,,No,,,,,,,,,,,,,,,,,,,,,,,,Victim refused to file a case,Yes,Yes,No,Yes,1,(Inside Residences) - Public Residential Area,,
2021-11-28,Sunday,23:23:00,202111-1992,NEGROS_ORIENTAL,DUMAGUETE_CITY,,Daro,Purok Kawayan,123.300896,9.318791,INDEX CRIME,Crime Against Property,THEFT,Salisi,Salisi (Establishment),,No,,,,,,,,,,,,,,,,,,,,,,,,Filed in Pros / Court,No,Yes,No,Yes,2,Public Market  ,,
2021-11-29,Monday,13:30:00,202111-2002,NEGROS_ORIENTAL,DUMAGUETE_CITY,,Daro,Purok Orchids,123.300896,9.318791,NON-INDEX CRIME,,OTHERNONINDEX,Trespassing,lready inside the stockroom of his house,,No,,,,,,,,,,,,,,,,,,,,,,,,Victim refused to file a case,Yes,Yes,No,Yes,1,(Inside Residences) - Public Residential Area,,
2021-11-30,Tuesday,12:40:00,202111-2009,NEGROS_ORIENTAL,DUMAGUETE_CITY,,Poblacion No. 7 (Barangay 7),Cervantes St.,123.304008,9.308344,INDEX CRIME,Crime Against Property,THEFT,Salisi,Salisi (Akyat Bahay),,No,,,,,,,,,,,,,,,,,,,,,,,,Victim refused to file a case,Yes,Yes,No,Yes,1,(Inside Residences - Subdivision) - w/o Security Guard,,
2021-11-30,Tuesday,16:00:00,202111-2011,NEGROS_ORIENTAL,DUMAGUETE_CITY,,Pulantubig,Purok Tamsi,123.290123,9.324781,INDEX CRIME,Crime Against Property,THEFT,Qualified Theft,Qualified Theft,,No,,,,,,,,,,,,,,,,,,,,,,,,Victim refused to file a case,Yes,Yes,No,Yes,1,(Inside Residences) - Public Residential Area,,
2021-11-30,Tuesday,17:55:00,Traf(137)154,NEGROS_ORIENTAL,DUMAGUETE_CITY,,Poblacion No. 7 (Barangay 7),Crossing Real St. and Silliman Avenue.,123.307808,9.304189,NON-INDEX CRIME,,PHYSICALINJURIES,Less Serious Phy Inj TRI,Vehicular Accident - PI,,No,,,,,,,,,,,,,,,,,,,,,,,,Victim refused to file a case,Yes,Yes,No,No,0,Along the Roads/Streets/Alleys,,
2021-11-30,Tuesday,17:55:00,Traf(137)154,NEGROS_ORIENTAL,DUMAGUETE_CITY,,Poblacion No. 7 (Barangay 7),Crossing Real St. and Silliman Avenue.,123.307808,9.304189,NON-INDEX CRIME,,OTHERNONINDEX,Malicious Mischief,Malicious Mischief (Vehicular Accident),,No,,,,,,,,,,,,,,,,,,,,,,,,Victim refused to file a case,Yes,Yes,No,No,0,Along the Roads/Streets/Alleys,,
2021-11-10,Wednesday,16:00:00,W-0045,NEGROS_ORIENTAL,DUMAGUETE_CITY,,Poblacion No. 3 (Barangay 3),Telecom Office,123.292465,9.329895,INDEX CRIME,Crime Against Person,RAPE,RAPE (Art 335 RPC / RA 8353),"Force, Threat and Intimidation",,No,,,,,,,,,,,,,,,,,,,,,,,,Victim refused to file a case,Yes,Yes,No,No,0,(Inside Residences) - Public Residential Area,,
2021-11-10,Wednesday,16:00:00,W-0045,NEGROS_ORIENTAL,DUMAGUETE_CITY,,Poblacion No. 3 (Barangay 3),Telecom Office,123.292465,9.329895,NON-INDEX CRIME,,SPECIALLAWS,RA 7610 (CHILD ABUSE),Viol. of RA 7610 (Sexual Abuse),,No,,,,,,,,,,,,,,,,,,,,,,,,Victim refused to file a case,Yes,Yes,No,No,0,(Inside Residences) - Public Residential Area,,
2021-11-27,Saturday,11:00:00,W-0046,NEGROS_ORIENTAL,DUMAGUETE_CITY,,Taclobo,San Jose Ext.,123.296783,9.309339,NON-INDEX CRIME,,OTHERNONINDEX,Sexual Assault,inserted his right hand on her short ,,Yes(RA 7610),,,,,,,,,,,,,,,,,,,,,,,,Under Investigation,No,No,Yes,No,0,(Inside Residences - Subdivision) - w/o Security Guard,,
2021-10-20,Wednesday,17:30:00,202111-1702,NEGROS_ORIENTAL,DUMAGUETE_CITY,,Daro,"Fourthtwelve Corp., North National Highway",123.299599,9.321289,INDEX CRIME,Crime Against Property,THEFT,Qualified Theft,Qualified Theft,,No,,,,,,,,,,,,,,,,,,,,,,,,Victim refused to file a case,Yes,Yes,No,No,0,(Commercial-Business Establishments) - Office ,,
2021-07-01,Thursday,9:00:00,202111-1891,NEGROS_ORIENTAL,DUMAGUETE_CITY,,Daro,"Fourthtwelve Corp., North National Highway",123.299622,9.321316,NON-INDEX CRIME,,OTHERNONINDEX,Estafa,Collection sum of money,,No,,,,,,,,,,,,,,,,,,,,,,,,Under Investigation,No,No,Yes,No,0,Gasoline Station,,
2021-10-25,Monday,13:00:00,202111-1910,NEGROS_ORIENTAL,DUMAGUETE_CITY,,Batinguel,Zenith Commercial,123.276817,9.311096,INDEX CRIME,Crime Against Property,THEFT,Qualified Theft,Qualified Theft,,No,,,,,,,,,,,,,,,,,,,,,,,,Victim refused to file a case,Yes,Yes,No,No,0,(Commercial-Business Establishments) - Office ,,
2021-09-14,Tuesday,14:31:00,202111-1957,NEGROS_ORIENTAL,DUMAGUETE_CITY,,Piapi,#99 Hibbard Avenue,123.307137,9.315607,INDEX CRIME,Crime Against Property,THEFT,Salisi,Salisi (Akyat Bahay),,No,,,,,,,,,,,,,,,,,,,,,,,,Filed in Pros / Court,No,Yes,No,No,0,(Inside Residences - Subdivision) - w/o Security Guard,,
2019-10-16,Wednesday,11:00:00,202111-1699,NEGROS_ORIENTAL,DUMAGUETE_CITY,,Talay,,123.273079,9.294102,NON-INDEX CRIME,,OTHERNONINDEX,Estafa,Collection sum of money,,No,,,,,,,,,,,,,,,,,,,,,,,,Victim refused to file a case,Yes,Yes,No,No,0,(Commercial-Business Establishments) - Office ,,
2019-10-16,Wednesday,14:00:00,202111-1700,NEGROS_ORIENTAL,DUMAGUETE_CITY,,Balugo,,123.266769,9.316507,NON-INDEX CRIME,,OTHERNONINDEX,Estafa,Collection sum of money,,No,,,,,,,,,,,,,,,,,,,,,,,,Victim refused to file a case,Yes,Yes,No,No,0,(Commercial-Business Establishments) - Office ,,
2021-12-01,Wednesday,16:56:00,202112-2024,NEGROS_ORIENTAL,DUMAGUETE_CITY,,Looc,Zone 2,123.310715,9.314564,NON-INDEX CRIME,,SPECIALLAWS,PD 1602 / RA 9287  (GAMBLING),ILL GAMBLING (Bettor),,No,,,,,,,,,,,,,,,,Piyat-piyat,"

	Confiscated pieces of evidence were:
		a. 1 set playing cards consisting 52 pieces with white/Blue/Red color combination; and
                   b. Bet money amounting to One hundred Forty pesos (Php 140.00).	
	
",Php 140.00,,,,,,Filed in Pros / Court,No,Yes,No,Yes,4,(Inside Residences) - Public Residential Area,,
2021-12-01,Wednesday,17:28:00,202112-2025,NEGROS_ORIENTAL,DUMAGUETE_CITY,,Looc,Zone 4,123.310722,9.315583,NON-INDEX CRIME,,SPECIALLAWS,PD 1602 / RA 9287  (GAMBLING),ILL GAMBLING (Bettor),,No,,,,,,,,,,,,,,,,Piyat-piyat,"

	Confiscated pieces of evidence were:
		a. 1 set playing cards consisting 52 pieces with Green/Red color combination; and
                   b. Bet money amounting to One hundred Ninety pesos (Php 190.00).
	
",Php 190.00,,,,,,Filed in Pros / Court,No,Yes,No,Yes,4,(Inside Residences) - Public Residential Area,,
2021-12-02,Thursday,12:05:00,Traf(137)155,NEGROS_ORIENTAL,DUMAGUETE_CITY,,Poblacion No. 4 (Barangay 4),T-Junction Rizal Boulevard and San Jose St.,123.309608,9.308137,NON-INDEX CRIME,,OTHERNONINDEX,Malicious Mischief,Malicious Mischief (Vehicular Accident),,No,,,,,,,,,,,,,,,,,,,,,,,,Victim refused to file a case,Yes,Yes,No,No,0,Along the Roads/Streets/Alleys,,
2021-12-03,Friday,10:40:00,Traf(137)156,NEGROS_ORIENTAL,DUMAGUETE_CITY,,Poblacion No. 8 (Barangay 8),Infront of Boy-ong Motorcycle Parts Coloc St.,123.304657,9.303431,NON-INDEX CRIME,,OTHERNONINDEX,Malicious Mischief,Malicious Mischief (Vehicular Accident),,No,,,,,,,,,,,,,,,,,,,,,,,,Victim refused to file a case,Yes,Yes,No,No,0,Along the Roads/Streets/Alleys,,
2021-12-03,Friday,16:35:00,Traf(137)157,NEGROS_ORIENTAL,DUMAGUETE_CITY,,Banilad,"South Road, National Highway",123.293068,9.277586,NON-INDEX CRIME,,HOMICIDE,Homicide TRI,Vehicular Accident - H,,No,,,,,,,,,,,,,,,,,,,,,,,,Victim refused to file a case,Yes,Yes,No,Yes,1,Along the Roads/Streets/Alleys,,
2021-12-03,Friday,16:35:00,Traf(137)157,NEGROS_ORIENTAL,DUMAGUETE_CITY,,Banilad,"South Road, National Highway",123.293068,9.277586,NON-INDEX CRIME,,PHYSICALINJURIES,Less Serious Phy Inj TRI,Vehicular Accident - PI,,No,,,,,,,,,,,,,,,,,,,,,,,,Victim refused to file a case,Yes,Yes,No,No,0,Along the Roads/Streets/Alleys,,
2021-12-05,Sunday,19:15:00,202112-2057,NEGROS_ORIENTAL,DUMAGUETE_CITY,,Poblacion No. 3 (Barangay 3),UNITOP Gen. Mdse.,123.307495,9.306782,INDEX CRIME,Crime Against Property,THEFT,Shop Lifting,Shoplifting,,No,,,,,,,,,,,,,,,,,,,,,,,,Filed in Pros / Court,No,Yes,No,Yes,1,(Commercial-Business Establishments) - Malls,,
2021-12-05,Sunday,23:33:00,202112-2060,NEGROS_ORIENTAL,DUMAGUETE_CITY,,Calindagan,Purok Mutya,123.308952,9.300279,NON-INDEX CRIME,,SPECIALLAWS,RA 9165 (ILL DRUGS),Viol. of RA 9165 (Sec. 5),,No,,,,,,,,,,,,,,Shabu," Confiscated pcs of evidence:  a.) One (1) pc small heat-sealed transparent plastic sachet containing white crystalline substance believed to be Shabu (subject of sale); b.)  Two (2) pcs elongated heat-sealed transparent plastic sachet containing white crystalline substance believed to be shabu; with total estimated weight of 0.15 grams with  DDB value of Php 1,050.00; and c. ) Two (2) pcs genuine One hundred Peso bills (Php 200.00 ) as buy bust money.  Suspect was immediately taken to Police Station for booking and proper dispo while documentary requirements are being prepared for filing in court.",,,,,,,,,Filed in Pros / Court,Yes,Yes,No,Yes,1,(Inside Residences) - Public Residential Area,,
2021-12-05,Sunday,23:33:00,202112-2060,NEGROS_ORIENTAL,DUMAGUETE_CITY,,Calindagan,Purok Mutya,123.308952,9.300279,NON-INDEX CRIME,,SPECIALLAWS,RA 9165 (ILL DRUGS),Viol. of RA 9165 (Sec. 11),,No,,,,,,,,,,,,,,Shabu," Confiscated pcs of evidence:  a.) One (1) pc small heat-sealed transparent plastic sachet containing white crystalline substance believed to be Shabu (subject of sale); b.)  Two (2) pcs elongated heat-sealed transparent plastic sachet containing white crystalline substance believed to be shabu; with total estimated weight of 0.15 grams with  DDB value of Php 1,050.00; and c. ) Two (2) pcs genuine One hundred Peso bills (Php 200.00 ) as buy bust money.  Suspect was immediately taken to Police Station for booking and proper dispo while documentary requirements are being prepared for filing in court.",,,,,,,,,Filed in Pros / Court,Yes,Yes,No,Yes,1,(Inside Residences) - Public Residential Area,,
2021-12-06,Monday,13:40:00,Traf(137)159,NEGROS_ORIENTAL,DUMAGUETE_CITY,,Poblacion No. 6 (Barangay 6),Corner San Juan and Sta. Catalina St.,123.308815,9.309593,NON-INDEX CRIME,,OTHERNONINDEX,Malicious Mischief,Malicious Mischief (Vehicular Accident),,No,,,,,,,,,,,,,,,,,,,,,,,,Victim refused to file a case,Yes,Yes,No,No,0,Along the Roads/Streets/Alleys,,
2021-12-07,Tuesday,15:24:00,202112-2076,NEGROS_ORIENTAL,DUMAGUETE_CITY,,Looc,Zone 4,123.311844,9.317317,NON-INDEX CRIME,,SPECIALLAWS,PD 1602 / RA 9287  (GAMBLING),ILL GAMBLING (Bettor),,No,,,,,,,,,,,,,,,,Piyat-piyat,"
	Confiscated pieces of evidence were:
		a.) 1 Set playing cards consisting 52 pieces, blue/yellow color combination with cover; and
		b.) Bet money amounting to Three Hundred Pesos (Php 300.00).
	
",Php 300.00,,,,,,Filed in Pros / Court,No,Yes,No,Yes,4,(Inside Residences) - Public Residential Area,,
2021-12-07,Tuesday,15:49:00,202112-2078,NEGROS_ORIENTAL,DUMAGUETE_CITY,,Looc,Zone 2,123.309433,9.315871,NON-INDEX CRIME,,SPECIALLAWS,PD 1602 / RA 9287  (GAMBLING),ILL GAMBLING (Bettor),,No,,,,,,,,,,,,,,,,Tong-its,"
	Confiscated pieces of evidence were:
		a.) 1 Set playing cards consisting 52 pieces, red/wite color combination with cover; and
		b.) Bet money amounting to One Hundred Five Pesos (Php 105.00).
	
",Php 105.00,,,,,,Filed in Pros / Court,No,Yes,No,Yes,3,(Inside Residences) - Public Residential Area,,
2021-12-08,Wednesday,13:00:00,202112-2083,NEGROS_ORIENTAL,DUMAGUETE_CITY,,Bantayan,Purok 3,123.30658,9.328507,NON-INDEX CRIME,,OTHERNONINDEX,Threat/Coercion,Threat Plain verbal,,No,,,,,,,,,,,,,,,,,,,,,,,,Victim refused to file a case,Yes,Yes,No,Yes,1,(Commercial-Business Establishments) - Malls,,
2021-12-08,Wednesday,15:20:00,202112-2084,NEGROS_ORIENTAL,DUMAGUETE_CITY,,Poblacion No. 3 (Barangay 3),UNITOP Gen. Mdse.,123.307503,9.306824,INDEX CRIME,Crime Against Property,THEFT,Shop Lifting,Shoplifting,,No,,,,,,,,,,,,,,,,,,,,,,,,Filed in Pros / Court,No,Yes,No,Yes,1,(Commercial-Business Establishments) - Malls,,
2021-12-08,Wednesday,10:30:00,Traf(137)160,NEGROS_ORIENTAL,DUMAGUETE_CITY,,Poblacion No. 3 (Barangay 3),Intersection Dr. V. Locsin and Perdices St.,123.307732,9.306969,NON-INDEX CRIME,,OTHERNONINDEX,Malicious Mischief,Malicious Mischief (Vehicular Accident),,No,,,,,,,,,,,,,,,,,,,,,,,,Victim refused to file a case,Yes,Yes,No,No,0,Along the Roads/Streets/Alleys,,
2021-12-08,Wednesday,15:30:00,Traf(137)161,NEGROS_ORIENTAL,DUMAGUETE_CITY,,Calindagan,Robinson's Parking Area,123.302864,9.29845,NON-INDEX CRIME,,OTHERNONINDEX,Malicious Mischief,Malicious Mischief (Vehicular Accident),,No,,,,,,,,,,,,,,,,,,,,,,,,Victim refused to file a case,Yes,Yes,No,No,0,Along the Roads/Streets/Alleys,,
2021-12-08,Wednesday,23:30:00,202112-2086,NEGROS_ORIENTAL,DUMAGUETE_CITY,,Batinguel,,123.285408,9.309911,NON-INDEX CRIME,,SPECIALLAWS,RA 9165 (ILL DRUGS),Viol. of RA 9165 (Sec. 11),,No,,,,,,,,,,,,,,Shabu,"

Confiscated pcs of evidence: 
a.Two (2) pcs. Medium size heat-sealed transparent plastic sachet containing suspected shabu;
b. One (1) pc small size heat-sealed transparent plastic sachet containing suspected shabu. Total estimated weight of more or less 2.0 grams with SDP of Php 13,600.00; and
c. One (1) unit Nokia keypad cellphone colored black.

",,,,,,,,,Filed in Pros / Court,Yes,Yes,No,Yes,1,(Inside Residences) - Public Residential Area,,
2021-12-11,Saturday,8:10:00,202112-2105,NEGROS_ORIENTAL,DUMAGUETE_CITY,,Calindagan,Purok Orchids,123.309525,9.301134,NON-INDEX CRIME,,SPECIALLAWS,PD 1602 / RA 9287  (GAMBLING),ILL GAMBLING (Bettor),,No,,,,,,,,,,,,,,,,Piyat-piyat,"


	Confiscated pieces of evidence were:
		a. 1 set playing cards consisting 52 pieces with Red and Black color combination; and
b. Bet money amounting to Two Hundred Forty pesos (Php 240.00).	
	
",Php 240.00,,,,,,Filed in Pros / Court,Yes,Yes,No,Yes,4,(Inside Residences) - Public Residential Area,,
2021-12-11,Saturday,8:18:00,202112-2106,NEGROS_ORIENTAL,DUMAGUETE_CITY,,Calindagan,Purok Orchids,123.308647,9.300191,NON-INDEX CRIME,,SPECIALLAWS,PD 1602 / RA 9287  (GAMBLING),ILL GAMBLING (Bettor),,No,,,,,,,,,,,,,,,,Piyat-piyat,"

	Confiscated pieces of evidence were:
		a. 1 set playing cards consisting 52 pieces with Blue color; and
                   b. Bet money amounting to Three Hundred pesos (Php 300.00).	
	
",Php 300.00,,,,,,Filed in Pros / Court,Yes,Yes,No,Yes,4,(Inside Residences) - Public Residential Area,,
2021-12-11,Saturday,14:45:00,202112-2112,NEGROS_ORIENTAL,DUMAGUETE_CITY,,Daro,Mercury Drug,123.29998,9.32074,INDEX CRIME,Crime Against Property,THEFT,Shop Lifting,Shoplifting,,No,,,,,,,,,,,,,,,,,,,,,,,,Filed in Pros / Court,No,Yes,Yes,Yes,1,(Commercial-Business Establishments) - Drug Store,,
2021-12-11,Saturday,23:15:00,202112-2128,NEGROS_ORIENTAL,DUMAGUETE_CITY,,Looc,Zone 4,123.310928,9.31504,NON-INDEX CRIME,,SPECIALLAWS,RA 9165 (ILL DRUGS),Viol. of RA 9165 (Sec. 5),,No,,,,,,,,,,,,,,Shabu,"

Confiscated pcs of evidence: 
a.) One (1) pc elongated heat-sealed transparent plastic sachet containing white crystalline substance believed to be Shabu (subject of sale);
b.)  One (1) pc elongated heat-sealed transparent plastic sachet containing white crystalline substance believed to be shabu; 
c.) Two (2) pcs medium size heat-sealed transparent plastic sachet containing white crystalline substance believed to be Shabu, with total estimated weight of 3 grams with SDP value of Php 20,400.00; and
d.) One (1) pc genuine One thousand Peso bills (Php 1,000.00) as buy bust money.

",,,,,,,,,Filed in Pros / Court,Yes,Yes,No,Yes,1,(Inside Residences) - Public Residential Area,,
2021-12-11,Saturday,23:15:00,202112-2128,NEGROS_ORIENTAL,DUMAGUETE_CITY,,Looc,Zone 4,123.310928,9.31504,NON-INDEX CRIME,,SPECIALLAWS,RA 9165 (ILL DRUGS),Viol. of RA 9165 (Sec. 11),,No,,,,,,,,,,,,,,Shabu,"

Confiscated pcs of evidence: 
a.) One (1) pc elongated heat-sealed transparent plastic sachet containing white crystalline substance believed to be Shabu (subject of sale);
b.)  One (1) pc elongated heat-sealed transparent plastic sachet containing white crystalline substance believed to be shabu; 
c.) Two (2) pcs medium size heat-sealed transparent plastic sachet containing white crystalline substance believed to be Shabu, with total estimated weight of 3 grams with SDP value of Php 20,400.00; and
d.) One (1) pc genuine One thousand Peso bills (Php 1,000.00) as buy bust money.

",,,,,,,,,Filed in Pros / Court,Yes,Yes,No,Yes,1,(Inside Residences) - Public Residential Area,,
2021-12-11,Saturday,23:45:00,202112-2129,NEGROS_ORIENTAL,DUMAGUETE_CITY,,Banilad,Purok Manguilawod,123.296341,9.283335,NON-INDEX CRIME,,SPECIALLAWS,RA 9165 (ILL DRUGS),Viol. of RA 9165 (Sec. 5),,No,,,,,,,,,,,,,,Shabu,"
1.	One (1) piece elongated heat sealed transparent plastic sachet containing suspected shabu granules/powder now marked as DO-BB 12-11-21 BANILAD 11:45 PM with initial signature;
2.	Five (5) pieces elongated heat sealed transparent plastic sachet containing suspected shabu granules/powder now marked as DO-P1 12-11-21 BANILAD 11:50 PM with initial signature to DO-P5 12-11-21 BANILAD 11:50 PM with initial signature;
3.	Aluminium candy case mar as DO-P6 12-11-21 BANILAD 11:50 PM with initial signature;
4.	Sling Bag where items no. 2,3 and 5 recovered marked as DO-P7 12-11-21 BANILAD 11:50 PM with initial signature;
5.	Five Hundred peso bill Buy-Bust money with CN:QJ135980
 
",,,,,,,,,Filed in Pros / Court,Yes,Yes,No,Yes,1,(Inside Residences) - Public Residential Area,,
2021-12-11,Saturday,23:45:00,202112-2129,NEGROS_ORIENTAL,DUMAGUETE_CITY,,Banilad,Purok Manguilawod,123.296341,9.283335,NON-INDEX CRIME,,SPECIALLAWS,RA 9165 (ILL DRUGS),Viol. of RA 9165 (Sec. 11),,No,,,,,,,,,,,,,,Shabu,"
1.	One (1) piece elongated heat sealed transparent plastic sachet containing suspected shabu granules/powder now marked as DO-BB 12-11-21 BANILAD 11:45 PM with initial signature;
2.	Five (5) pieces elongated heat sealed transparent plastic sachet containing suspected shabu granules/powder now marked as DO-P1 12-11-21 BANILAD 11:50 PM with initial signature to DO-P5 12-11-21 BANILAD 11:50 PM with initial signature;
3.	Aluminium candy case mar as DO-P6 12-11-21 BANILAD 11:50 PM with initial signature;
4.	Sling Bag where items no. 2,3 and 5 recovered marked as DO-P7 12-11-21 BANILAD 11:50 PM with initial signature;
5.	Five Hundred peso bill Buy-Bust money with CN:QJ135980
 
",,,,,,,,,Filed in Pros / Court,Yes,Yes,No,Yes,1,(Inside Residences) - Public Residential Area,,
2021-12-12,Sunday,17:00:00,Traf(137)163,NEGROS_ORIENTAL,DUMAGUETE_CITY,,Bantayan,"Intersection Mango Avenue, rovira Road",123.30481,9.327311,NON-INDEX CRIME,,PHYSICALINJURIES,Less Serious Phy Inj TRI,Vehicular Accident - PI,,No,,,,,,,,,,,,,,,,,,,,,,,,Victim refused to file a case,Yes,Yes,No,No,0,Along the Roads/Streets/Alleys,,
2021-12-12,Sunday,17:00:00,Traf(137)163,NEGROS_ORIENTAL,DUMAGUETE_CITY,,Bantayan,"Intersection Mango Avenue, rovira Road",123.30481,9.327311,NON-INDEX CRIME,,OTHERNONINDEX,Other Non-Index,Malicious Mischief (Vehicular Accident),,No,,,,,,,,,,,,,,,,,,,,,,,,Victim refused to file a case,Yes,Yes,No,No,0,Along the Roads/Streets/Alleys,,
2021-12-12,Sunday,20:00:00,202112-2132,NEGROS_ORIENTAL,DUMAGUETE_CITY,,Cantil-e,Camella Homes,123.25705,9.312748,NON-INDEX CRIME,,OTHERNONINDEX,Trespassing, entered the compound of Camella Homes,,No,,,,,,,,,,,,,,,,,,,,,,,,Victim refused to file a case,Yes,Yes,No,Yes,1,(Inside Residences - Subdivision) - w Security Guard,,
2021-12-14,Tuesday,8:49:00,202112-2153,NEGROS_ORIENTAL,DUMAGUETE_CITY,,Daro,Purok Kawayan,123.289841,9.320562,INDEX CRIME,Crime Against Person,PHYSICALINJURIES,Less Serious Phy Inj,Stabbing/Hacking - PI,,No,,,,,,,,,,,,,,,,,,,,,,,,Victim refused to file a case,Yes,Yes,No,Yes,1,(Inside Residences) - Public Residential Area,,
2021-12-15,Wednesday,23:45:00,202112-2165,NEGROS_ORIENTAL,DUMAGUETE_CITY,,Bagacay,Purok Dapdap,123.297272,9.304675,NON-INDEX CRIME,,OTHERNONINDEX,Alarm & Scandal, act went wild and unruly,,No,,,,,,,,,,,,,,,,,,,,,,,,Victim refused to file a case,Yes,Yes,No,Yes,1,(Inside Residences) - Public Residential Area,,
2021-12-15,Wednesday,16:00:00,202112-2170,NEGROS_ORIENTAL,DUMAGUETE_CITY,,Poblacion No. 2 (Barangay 2),Lukewright,123.308807,9.302386,INDEX CRIME,Crime Against Property,THEFT,Salisi,Salisi (Establishment),,No,,,,,,,,,,,,,,,,,,,,,,,,Filed in Pros / Court,No,Yes,No,No,0,Repair Shop,,
2021-12-18,Saturday,13:00:00,Traf(137)164,NEGROS_ORIENTAL,DUMAGUETE_CITY,,Poblacion No. 3 (Barangay 3),"Fruit Market, Colon St.",123.307503,9.306824,NON-INDEX CRIME,,OTHERNONINDEX,Malicious Mischief,Malicious Mischief (Vehicular Accident),,No,,,,,,,,,,,,,,,,,,,,,,,,Victim refused to file a case,Yes,Yes,No,No,0,Along the Roads/Streets/Alleys,,
2021-12-20,Monday,7:20:00,Traf(137)165,NEGROS_ORIENTAL,DUMAGUETE_CITY,,Junob,Infront of Millenial Resort,123.28421,9.303521,NON-INDEX CRIME,,PHYSICALINJURIES,Less Serious Phy Inj TRI,Vehicular Accident - PI,,No,,,,,,,,,,,,,,,,,,,,,,,,Victim refused to file a case,Yes,Yes,No,No,0,Along the Roads/Streets/Alleys,,
2021-12-20,Monday,7:20:00,Traf(137)165,NEGROS_ORIENTAL,DUMAGUETE_CITY,,Junob,Infront of Millenial Resort,123.28421,9.303521,NON-INDEX CRIME,,OTHERNONINDEX,Malicious Mischief,Malicious Mischief (Vehicular Accident),,No,,,,,,,,,,,,,,,,,,,,,,,,Victim refused to file a case,Yes,Yes,No,No,0,Along the Roads/Streets/Alleys,,
2021-12-20,Monday,16:00:00,202112-2197,NEGROS_ORIENTAL,DUMAGUETE_CITY,,Bantayan,The Henry Resort,123.309761,9.327446,NON-INDEX CRIME,,OTHERNONINDEX,Estafa,Failure to Pay Chit/Bill,,No,,,,,,,,,,,,,,,,,,,,,,,,Filed in Pros / Court,Yes,Yes,No,Yes,1,(Commercial-Business Establishments) - Resort/Hotel/Motel/Inn,,
2021-12-20,Monday,11:00:00,Traf(137)166,NEGROS_ORIENTAL,DUMAGUETE_CITY,,Bagacay,South Poblacion,123.29438,9.300091,NON-INDEX CRIME,,OTHERNONINDEX,Malicious Mischief,Malicious Mischief (Vehicular Accident),,No,,,,,,,,,,,,,,,,,,,,,,,,Victim refused to file a case,Yes,Yes,No,No,0,Along the Roads/Streets/Alleys,,
2021-12-21,Tuesday,14:50:00,202112-2203,NEGROS_ORIENTAL,DUMAGUETE_CITY,,Looc,Zone 4,123.310822,9.314633,NON-INDEX CRIME,,SPECIALLAWS,PD 1602 / RA 9287  (GAMBLING),ILL GAMBLING (Bettor),,No,,,,,,,,,,,,,,,,Piyat-piyat,"
	Confiscated pieces of evidence were:
		a.) 1 Set playing cards consisting 52 pieces, red/white color combination with cover; and
		b.) Bet money amounting to Three Hundred Twenty Pesos (Php 320.00).
	
",Php 320.00,,,,,,Filed in Pros / Court,No,Yes,No,Yes,4,(Inside Residences) - Public Residential Area,,
2021-12-21,Tuesday,15:30:00,202112-2204,NEGROS_ORIENTAL,DUMAGUETE_CITY,,Looc,Zone 4,123.311058,9.314522,NON-INDEX CRIME,,SPECIALLAWS,PD 1602 / RA 9287  (GAMBLING),ILL GAMBLING (Bettor),,No,,,,,,,,,,,,,,,,Tong-its,"

	Confiscated pieces of evidence were:
		a.) 1 Set playing cards consisting 52 pieces, red/white color combination with cover; and
		b.) Bet money amounting to One Hundred Seventy Pesos (Php 170.00).
	
",Php 170.00,,,,,,Filed in Pros / Court,No,Yes,No,Yes,3,(Inside Residences) - Public Residential Area,,
2021-12-22,Wednesday,16:45:00,Traf(137)167,NEGROS_ORIENTAL,DUMAGUETE_CITY,,Daro,Infront of City Mall,123.298988,9.323926,NON-INDEX CRIME,,PHYSICALINJURIES,Less Serious Phy Inj TRI,Vehicular Accident - PI,,No,,,,,,,,,,,,,,,,,,,,,,,,Victim refused to file a case,Yes,Yes,No,No,0,Along the Roads/Streets/Alleys,,
2021-12-22,Wednesday,16:45:00,Traf(137)167,NEGROS_ORIENTAL,DUMAGUETE_CITY,,Daro,Infront of City Mall,123.298988,9.323926,NON-INDEX CRIME,,OTHERNONINDEX,Malicious Mischief,Malicious Mischief (Vehicular Accident),,No,,,,,,,,,,,,,,,,,,,,,,,,Victim refused to file a case,Yes,Yes,No,No,0,Along the Roads/Streets/Alleys,,
2021-12-24,Friday,0:12:00,202112-2217,NEGROS_ORIENTAL,DUMAGUETE_CITY,,Calindagan,Purok Orchids,123.309921,9.301001,NON-INDEX CRIME,,SPECIALLAWS,RA 9165 (ILL DRUGS),Viol. of RA 9165 (Sec. 5),,No,,,,,,,,,,,,,,Shabu,"
Confiscated pcs of evidence: 
a.) One (1) pc elongated heat-sealed transparent plastic sachet containing white crystalline substance believed to be Shabu (subject of sale);
b.) Two (2) pcs elongated heat-sealed transparent plastic sachet containing white crystalline substance believed to be Shabu, with total estimated weight of 0.20 grams with DDB value of Php 1,360.00; and
d.) One (1) pc genuine Five hundred Peso bill (Php 500.00) as buy bust money

",,,,,,,,,Filed in Pros / Court,Yes,Yes,No,Yes,1,(Inside Residences) - Public Residential Area,,
2021-12-24,Friday,0:12:00,202112-2217,NEGROS_ORIENTAL,DUMAGUETE_CITY,,Calindagan,Purok Orchids,123.309921,9.301001,NON-INDEX CRIME,,SPECIALLAWS,RA 9165 (ILL DRUGS),Viol. of RA 9165 (Sec. 11),,No,,,,,,,,,,,,,,Shabu,"
Confiscated pcs of evidence: 
a.) One (1) pc elongated heat-sealed transparent plastic sachet containing white crystalline substance believed to be Shabu (subject of sale);
b.) Two (2) pcs elongated heat-sealed transparent plastic sachet containing white crystalline substance believed to be Shabu, with total estimated weight of 0.20 grams with DDB value of Php 1,360.00; and
d.) One (1) pc genuine Five hundred Peso bill (Php 500.00) as buy bust money

",,,,,,,,,Filed in Pros / Court,Yes,Yes,No,Yes,1,(Inside Residences) - Public Residential Area,,
2021-12-26,Sunday,9:16:00,Traf(137)168,NEGROS_ORIENTAL,DUMAGUETE_CITY,,Bajumpandan,Bajumpandan Road,123.280022,9.280466,NON-INDEX CRIME,,OTHERNONINDEX,Malicious Mischief,Malicious Mischief (Vehicular Accident),,No,,,,,,,,,,,,,,,,,,,,,,,,Victim refused to file a case,Yes,Yes,No,No,0,Along the Roads/Streets/Alleys,,
2021-12-27,Monday,19:00:00,Traf(137)169,NEGROS_ORIENTAL,DUMAGUETE_CITY,,Batinguel,Purok Saging,123.29142,9.309657,NON-INDEX CRIME,,PHYSICALINJURIES,Less Serious Phy Inj TRI,Vehicular Accident - PI,,No,,,,,,,,,,,,,,,,,,,,,,,,Victim refused to file a case,Yes,Yes,No,No,0,Along the Roads/Streets/Alleys,,
2021-12-28,Tuesday,7:00:00,Traf(137)172,NEGROS_ORIENTAL,DUMAGUETE_CITY,,Mangnao-Canal,Along National Highway,123.298775,9.293357,NON-INDEX CRIME,,PHYSICALINJURIES,Less Serious Phy Inj TRI,Vehicular Accident - PI,,No,,,,,,,,,,,,,,,,,,,,,,,,Victim refused to file a case,Yes,Yes,No,No,0,Along the Roads/Streets/Alleys,,
2021-12-28,Tuesday,7:00:00,Traf(137)172,NEGROS_ORIENTAL,DUMAGUETE_CITY,,Mangnao-Canal,Along National Highway,123.298775,9.293357,NON-INDEX CRIME,,OTHERNONINDEX,Malicious Mischief,Malicious Mischief (Vehicular Accident),,No,,,,,,,,,,,,,,,,,,,,,,,,Victim refused to file a case,Yes,Yes,No,No,0,Along the Roads/Streets/Alleys,,
2021-12-28,Tuesday,11:00:00,Traf(137)173,NEGROS_ORIENTAL,DUMAGUETE_CITY,,Bagacay,Fronting Mang Atchan Tocino,123.294006,9.30004,NON-INDEX CRIME,,PHYSICALINJURIES,Less Serious Phy Inj TRI,Vehicular Accident - PI,,No,,,,,,,,,,,,,,,,,,,,,,,,Victim refused to file a case,Yes,Yes,No,No,0,Along the Roads/Streets/Alleys,,
2021-12-28,Tuesday,11:00:00,Traf(137)173,NEGROS_ORIENTAL,DUMAGUETE_CITY,,Bagacay,Fronting Mang Atchan Tocino,123.294006,9.30004,NON-INDEX CRIME,,OTHERNONINDEX,Malicious Mischief,Malicious Mischief (Vehicular Accident),,No,,,,,,,,,,,,,,,,,,,,,,,,Victim refused to file a case,Yes,Yes,No,No,0,Along the Roads/Streets/Alleys,,
2021-12-28,Tuesday,10:30:00,Traf(137)174,NEGROS_ORIENTAL,DUMAGUETE_CITY,,Banilad,San Jose Village,123.291565,9.26903,NON-INDEX CRIME,,OTHERNONINDEX,Malicious Mischief,Malicious Mischief (Vehicular Accident),,No,,,,,,,,,,,,,,,,,,,,,,,,Victim refused to file a case,Yes,Yes,No,No,0,Along the Roads/Streets/Alleys,,
2021-12-28,Tuesday,15:00:00,Traf(137)175,NEGROS_ORIENTAL,DUMAGUETE_CITY,,Poblacion No. 3 (Barangay 3),"Fronting Vanson, Colon St.",123.306023,9.304675,NON-INDEX CRIME,,OTHERNONINDEX,Malicious Mischief,Malicious Mischief (Vehicular Accident),,No,,,,,,,,,,,,,,,,,,,,,,,,Victim refused to file a case,Yes,Yes,No,No,0,Along the Roads/Streets/Alleys,,
2021-12-28,Tuesday,10:40:00,Traf(137)176,NEGROS_ORIENTAL,DUMAGUETE_CITY,,Calindagan,"Parking Area, Robinson's Mall",123.303001,9.298029,NON-INDEX CRIME,,OTHERNONINDEX,Malicious Mischief,Malicious Mischief (Vehicular Accident),,No,,,,,,,,,,,,,,,,,,,,,,,,Victim refused to file a case,Yes,Yes,No,No,0,Along the Roads/Streets/Alleys,,
2021-12-28,Tuesday,17:00:00,Traf(137)177,NEGROS_ORIENTAL,DUMAGUETE_CITY,,Poblacion No. 7 (Barangay 7),Intersection San Jose and Cervantes St.,123.304726,9.308193,NON-INDEX CRIME,,OTHERNONINDEX,Malicious Mischief,Malicious Mischief (Vehicular Accident),,No,,,,,,,,,,,,,,,,,,,,,,,,Victim refused to file a case,Yes,Yes,No,No,0,Along the Roads/Streets/Alleys,,
2021-12-29,Wednesday,6:43:00,202112-2228,NEGROS_ORIENTAL,DUMAGUETE_CITY,,Bagacay,Purok Gumamela,123.29213,9.302367,NON-INDEX CRIME,,SPECIALLAWS,RA 9165 (ILL DRUGS),Viol. of RA 9165 (Sec. 5),,No,,,,,,,,,,,,,,Shabu,"
Confiscated pcs of evidence:
a.) One (1) pc medium heat-sealed transparent plastic sachet containing white crystalline substance believed to be Shabu (subject of sale);
b.) Eleven (11) pcs medium heat-sealed transparent plastic sachet containing white crystalline substance believed to be Shabu,
c.) Two (2) pcs Big sizes transparent plastic container white crystalline substance believed to be Shabu, with total estimated weight of 2 kilograms with SDP value of Php 13,600,000 ; and
d.) Twenty thousand bogus money on top of One (1) genuine One thousand Peso bill (Php 1,000.00 )
e.) One unit Samsung keypad cellular phone color black.
f.) One back pack Habagat brand color black/cream
",,,,,,,,,Filed in Pros / Court,Yes,Yes,No,Yes,1,(Inside Residences) - Public Residential Area,,
2021-12-29,Wednesday,6:43:00,202112-2228,NEGROS_ORIENTAL,DUMAGUETE_CITY,,Bagacay,Purok Gumamela,123.29213,9.302367,NON-INDEX CRIME,,SPECIALLAWS,RA 9165 (ILL DRUGS),Viol. of RA 9165 (Sec. 11),,No,,,,,,,,,,,,,,Shabu,"
Confiscated pcs of evidence:
a.) One (1) pc medium heat-sealed transparent plastic sachet containing white crystalline substance believed to be Shabu (subject of sale);
b.) Eleven (11) pcs medium heat-sealed transparent plastic sachet containing white crystalline substance believed to be Shabu,
c.) Two (2) pcs Big sizes transparent plastic container white crystalline substance believed to be Shabu, with total estimated weight of 2 kilograms with SDP value of Php 13,600,000 ; and
d.) Twenty thousand bogus money on top of One (1) genuine One thousand Peso bill (Php 1,000.00 )
e.) One unit Samsung keypad cellular phone color black.
f.) One back pack Habagat brand color black/cream
",,,,,,,,,Filed in Pros / Court,Yes,Yes,No,Yes,1,(Inside Residences) - Public Residential Area,,
2021-12-29,Wednesday,7:45:00,Traf(137)178,NEGROS_ORIENTAL,DUMAGUETE_CITY,,Daro,,123.299461,9.319185,NON-INDEX CRIME,,OTHERNONINDEX,Malicious Mischief,Malicious Mischief (Vehicular Accident),,No,,,,,,,,,,,,,,,,,,,,,,,,Victim refused to file a case,Yes,Yes,No,No,0,Along the Roads/Streets/Alleys,,
2021-12-31,Friday,7:55:00,202112-2234,NEGROS_ORIENTAL,DUMAGUETE_CITY,,Candau-ay,Purok Bougainvilla,123.264648,9.312388,NON-INDEX CRIME,,OTHERNONINDEX,Trespassing, willfully and maliciously entered to the property,,No,,,,,,,,,,,,,,,,,,,,,,,,Filed in Pros / Court,Yes,Yes,No,Yes,1,(Inside Residences - Subdivision) - w/o Security Guard,,
2021-11-26,Friday,,202112-2052,NEGROS_ORIENTAL,DUMAGUETE_CITY,,Daro,"Think Bake Food House, 2nd Floor Value Med Pharmacy",123.299461,9.319185,INDEX CRIME,Crime Against Property,THEFT,Qualified Theft,Qualified Theft,,No,,,,,,,,,,,,,,,,,,,,,,,,Victim refused to file a case,Yes,Yes,No,No,0,(Commercial-Business Establishments) - Restaurant /Fastfood Chain/Eatery,,
2021-11-02,Tuesday,15:00:00,W-0047,NEGROS_ORIENTAL,DUMAGUETE_CITY,,Batinguel,,123.280579,9.309858,NON-INDEX CRIME,,OTHERNONINDEX,Acts of Lasciviousness," The respondent brought the complainant inside his house and he undress  her by removing the t-shirt, shorts, and panty of the complainant",,No,,,,,,,,,,,,,,,,,,,,,,,,Under Investigation,No,No,Yes,No,0,(Inside Residences) - Public Residential Area,,
,,,198,198,,,,,,,198,27,198,,,,,,,,,,,,,,,,,,,,,,Php0.00,0,,Php0.00,,,198,,,,,177,,,
,,,,,,,,,,,,,,,,,,,,,,,,,,,,,,,,,,,,,,,,,,,,,,,,,
,,,,,,,,,,,,,,,,,,,,,,,,,,,,,,,,,,,,,,,,,,,,,,,,,
,,,,,,,,,,,,,,,,,,,,,,,,,,,,,,,,,,,,,,,,,,,,,,,,,
,,,,,,,,,,,,,,,,,,,,,,,,,,,,,,,,,,,,,,,,,,,,,,,,,
,,,,,,,,,,,,,,,,,,,,,,,,,,,,,,,,,,,,,,,,,,,,,,,,,
,,,,,,,,,,,,,,,,,,,,,,,,,,,,,,,,,,,,,,,,,,,,,,,,,
,,,,,,,,,,,,,,,,,,,,,,,,,,,,,,,,,,,,,,,,,,,,,,,,,
,,,,,,,,,,,,,,,,,,,,,,,,,,,,,,,,,,,,,,,,,,,,,,,,,
,,,,,,,,,,,,,,,,,,,,,,,,,,,,,,,,,,,,,,,,,,,,,,,,,
,,,,,,,,,,,,,,,,,,,,,,,,,,,,,,,,,,,,,,,,,,,,,,,,,
,,,,,,,,,,,,,,,,,,,,,,,,,,,,,,,,,,,,,,,,,,,,,,,,,
,,,,,,,,,,,,,,,,,,,,,,,,,,,,,,,,,,,,,,,,,,,,,,,,,
,,,,,,,,,,,,,,,,,,,,,,,,,,,,,,,,,,,,,,,,,,,,,,,,,
,,,,,,,,,,,,,,,,,,, ,,,,,,,,,,,,,,,,,,,,,,,,,,,,,,
,,,,,,,,,,,,,,,,,,,,,,,,,,,,,,,,,,,,,,,,,,,,,,,,,
,,,,,,,,,,,,,,,,,,,,,,,,,,,,,,,,,,,,,,,,,,,,,,,,,
,,`,,,,,,,,,,,,,,,,,,,,,,,,,,,,,,,,,,,,,,,,,,,,,,,
,,,,,,,,,,,,,,,,,,,,,,,,,,,,,,,,,,,,,,,,,,,,,,,,,
,,,,,,,,,,,,,,,,,,,,,,,,,,,,,,,,,,,,,,,,,,,,,,,,,
,,,,,,,,,,,,,,,,,,,,,,,,,,,,,,,,,,,,,,,,,,,,,,,,,
,,,,,,,,,,,,,,,,,,,,,,,,,,,,,,,,,,,,,,,,,,,,,,,,,
,,,,,,,,,,,,,,,,,,,,,,,,,,,,,,,,,,,,,,,,,,,,,,,,,
,,,,,,,,,,,,,,,,,,,,,,,,,,,,,,,,,,,,,,,,,,,,,,,,,
,,,,,,,,,,,,,,,,,,,,,,,,,,,,,,,,,,,,,,,,,,,,,,,,,
,,,,,,,,,,,,,,,,,,,,,,,,,,,,,,,,,,,,,,,,,,,,,,,,,
,,,,,,,,,,,,,,,,,,,,,,,,,,,,,,,,,,,,,,,,,,,,,,,,,
,,,,,,,,,,,,,,,,,,,,,,,,,,,,,,,,,,,,,,,,,,,,,,,,,
,,,,,,,,,,,,,,,,,,,,,,,,,,,,,,,,,,,,,,,,,,,,,,,,,
,,,,,,,,,,,,,,,,,,,,,,,,,,,,,,,,,,,,,,,,,,,,,,,,,
,,,,,,,,,,,,,,,,,,,,,,,,,,,,,,,,,,,,,,,,,,,,,,,,,
,,,,,,,,,,,,,,,,,,,,,,,,,,,,,,,,,,,,,,,,,,,,,,,,,
,,,,,,,,,,,,,,,,,,,,,,,,,,,,,,,,,,,,,,,,,,,,,,,,,
,,,,,,,,,,,,,,,,,,,,,,,,,,,,,,,,,,,,,,,,,,,,,,,,,
,,,,,,,,,,,,,,,,,,,,,,,,,,,,,,,,,,,,,,,,,,,,,,,,,
,,,,,,,,,,,,,,,,,,,,,,,,,,,,,,,,,,,,,,,,,,,,,,,,,
,,,,,,,,,,,,,,,,,,,,,,,,,,,,,,,,,,,,,,,,,,,,,,,,,
,,,,,,,,,,,,,,,,,,,,,,,,,,,,,,,,,,,,,,,,,,,,,,,,,
,,,,,,,,,,,,,,,,,,,,,,,,,,,,,,,,,,,,,,,,,,,,,,,,,
,,,,,,,,,,,,,,,,,,,,,,,,,,,,,,,,,,,,,,,,,,,,,,,,,
,,,,,,,,,,,,,,,,,,,,,,,,,,,,,,,,,,,,,,,,,,,,,,,,,
,,,,,,,,,,,,,,,,,,,,,,,,,,,,,,,,,,,,,,,,,,,,,,,,,
